"","date","cname","iso3","records.cases","records.deaths","cu_cases","cu_deaths","days_elapsed","end_label"
"1",2020-01-22,"China","CHN",140,11,526,17,0,NA
"2",2020-01-23,"China","CHN",97,0,623,17,1,NA
"3",2020-01-24,"China","CHN",259,9,882,26,2,NA
"4",2020-01-25,"China","CHN",441,15,1323,41,3,NA
"5",2020-01-26,"China","CHN",665,15,1988,56,4,NA
"6",2020-01-27,"China","CHN",787,25,2775,81,5,NA
"7",2020-01-28,"China","CHN",1753,25,4528,106,6,NA
"8",2020-01-29,"China","CHN",1466,26,5994,132,7,NA
"9",2020-01-30,"China","CHN",1740,38,7734,170,8,NA
"10",2020-01-31,"China","CHN",1980,43,9714,213,9,NA
"11",2020-02-01,"China","CHN",2095,46,11809,259,10,NA
"12",2020-02-02,"China","CHN",2590,45,14399,304,11,NA
"13",2020-02-03,"China","CHN",2812,57,17211,361,12,NA
"14",2020-02-04,"China","CHN",3237,65,20448,426,13,NA
"15",2020-02-05,"China","CHN",3872,66,24320,492,14,NA
"16",2020-02-06,"China","CHN",3727,72,28047,564,15,NA
"17",2020-02-07,"China","CHN",3160,73,31207,637,16,NA
"18",2020-02-08,"China","CHN",3418,86,34625,723,17,NA
"19",2020-02-09,"China","CHN",2607,89,37232,812,18,NA
"20",2020-02-10,"China","CHN",2974,97,40206,909,19,NA
"21",2020-02-11,"China","CHN",2490,108,42696,1017,20,NA
"22",2020-02-12,"China","CHN",2028,97,44724,1114,21,NA
"23",2020-02-13,"China","CHN",15141,254,59865,1368,22,NA
"24",2020-02-14,"China","CHN",4156,13,64021,1381,23,NA
"25",2020-02-15,"China","CHN",2538,143,66559,1524,24,NA
"26",2020-02-16,"China","CHN",2007,142,68566,1666,25,NA
"27",2020-02-17,"China","CHN",2052,105,70618,1771,26,NA
"28",2020-02-18,"China","CHN",1890,98,72508,1869,27,NA
"29",2020-02-19,"China","CHN",1750,139,74258,2008,28,NA
"30",2020-02-20,"China","CHN",394,112,74652,2120,29,NA
"31",2020-02-21,"China","CHN",891,118,75543,2238,30,NA
"32",2020-02-22,"China","CHN",826,109,76369,2347,31,NA
"33",2020-02-23,"China","CHN",647,98,77016,2445,32,NA
"34",2020-02-24,"China","CHN",218,150,77234,2595,33,NA
"35",2020-02-25,"China","CHN",515,70,77749,2665,34,NA
"36",2020-02-25,"Iran, Islamic Republic of","IRN",18,4,61,12,0,NA
"37",2020-02-26,"China","CHN",410,52,78159,2717,35,NA
"38",2020-02-26,"Iran, Islamic Republic of","IRN",34,3,95,15,1,NA
"39",2020-02-26,"Italy","ITA",93,5,322,11,0,NA
"40",2020-02-26,"Korea, Republic of","KOR",254,3,1146,11,0,NA
"41",2020-02-27,"China","CHN",439,29,78598,2746,36,NA
"42",2020-02-27,"Iran, Islamic Republic of","IRN",44,4,139,19,2,NA
"43",2020-02-27,"Italy","ITA",78,1,400,12,1,NA
"44",2020-02-27,"Korea, Republic of","KOR",449,1,1595,12,1,NA
"45",2020-02-28,"China","CHN",329,44,78927,2790,37,NA
"46",2020-02-28,"Iran, Islamic Republic of","IRN",106,7,245,26,3,NA
"47",2020-02-28,"Italy","ITA",250,5,650,17,2,NA
"48",2020-02-28,"Korea, Republic of","KOR",427,1,2022,13,2,NA
"49",2020-02-29,"China","CHN",428,47,79355,2837,38,NA
"50",2020-02-29,"Iran, Islamic Republic of","IRN",143,8,388,34,4,NA
"51",2020-02-29,"Italy","ITA",238,4,888,21,3,NA
"52",2020-02-29,"Korea, Republic of","KOR",909,3,2931,16,3,NA
"53",2020-03-01,"China","CHN",574,35,79929,2872,39,NA
"54",2020-03-01,"Iran, Islamic Republic of","IRN",205,9,593,43,5,NA
"55",2020-03-01,"Italy","ITA",240,8,1128,29,4,NA
"56",2020-03-01,"Korea, Republic of","KOR",595,1,3526,17,4,NA
"57",2020-03-02,"China","CHN",205,42,80134,2914,40,NA
"58",2020-03-02,"Iran, Islamic Republic of","IRN",385,11,978,54,6,NA
"59",2020-03-02,"Italy","ITA",561,6,1689,35,5,NA
"60",2020-03-02,"Korea, Republic of","KOR",686,5,4212,22,5,NA
"61",2020-03-03,"China","CHN",127,32,80261,2946,41,NA
"62",2020-03-03,"Iran, Islamic Republic of","IRN",523,12,1501,66,7,NA
"63",2020-03-03,"Italy","ITA",347,17,2036,52,6,NA
"64",2020-03-03,"Korea, Republic of","KOR",600,6,4812,28,6,NA
"65",2020-03-04,"China","CHN",119,37,80380,2983,42,NA
"66",2020-03-04,"Iran, Islamic Republic of","IRN",835,11,2336,77,8,NA
"67",2020-03-04,"Italy","ITA",466,28,2502,80,7,NA
"68",2020-03-04,"Korea, Republic of","KOR",516,4,5328,32,7,NA
"69",2020-03-05,"China","CHN",117,31,80497,3014,43,NA
"70",2020-03-05,"Iran, Islamic Republic of","IRN",586,15,2922,92,9,NA
"71",2020-03-05,"Italy","ITA",587,27,3089,107,8,NA
"72",2020-03-05,"Korea, Republic of","KOR",438,3,5766,35,8,NA
"73",2020-03-05,"USA","USA",34,2,159,11,0,NA
"74",2020-03-06,"China","CHN",170,30,80667,3044,44,NA
"75",2020-03-06,"Iran, Islamic Republic of","IRN",591,15,3513,107,10,NA
"76",2020-03-06,"Italy","ITA",769,41,3858,148,9,NA
"77",2020-03-06,"Korea, Republic of","KOR",518,7,6284,42,9,NA
"78",2020-03-06,"USA","USA",74,1,233,12,1,NA
"79",2020-03-07,"China","CHN",101,28,80768,3072,45,NA
"80",2020-03-07,"Iran, Islamic Republic of","IRN",1234,17,4747,124,11,NA
"81",2020-03-07,"Italy","ITA",778,49,4636,197,10,NA
"82",2020-03-07,"Korea, Republic of","KOR",483,2,6767,44,10,NA
"83",2020-03-07,"USA","USA",105,2,338,14,2,NA
"84",2020-03-08,"China","CHN",46,27,80814,3099,46,NA
"85",2020-03-08,"France","FRA",103,1,716,10,0,NA
"86",2020-03-08,"Iran, Islamic Republic of","IRN",1076,21,5823,145,12,NA
"87",2020-03-08,"Italy","ITA",1247,36,5883,233,11,NA
"88",2020-03-08,"Korea, Republic of","KOR",367,6,7134,50,11,NA
"89",2020-03-08,"USA","USA",95,3,433,17,3,NA
"90",2020-03-09,"China","CHN",45,23,80859,3122,47,NA
"91",2020-03-09,"France","FRA",410,9,1126,19,1,NA
"92",2020-03-09,"Iran, Islamic Republic of","IRN",743,49,6566,194,13,NA
"93",2020-03-09,"Italy","ITA",1492,133,7375,366,12,NA
"94",2020-03-09,"Korea, Republic of","KOR",248,1,7382,51,12,NA
"95",2020-03-09,"USA","USA",121,4,554,21,4,NA
"96",2020-03-10,"China","CHN",20,17,80879,3139,48,NA
"97",2020-03-10,"France","FRA",286,11,1412,30,2,NA
"98",2020-03-10,"Iran, Islamic Republic of","IRN",595,43,7161,237,14,NA
"99",2020-03-10,"Italy","ITA",1797,98,9172,464,13,NA
"100",2020-03-10,"Korea, Republic of","KOR",131,3,7513,54,13,NA
"101",2020-03-10,"Spain","ESP",615,23,1204,28,0,NA
"102",2020-03-10,"USA","USA",200,5,754,26,5,NA
"103",2020-03-11,"China","CHN",29,22,80908,3161,49,NA
"104",2020-03-11,"France","FRA",372,3,1784,33,3,NA
"105",2020-03-11,"Iran, Islamic Republic of","IRN",881,54,8042,291,15,NA
"106",2020-03-11,"Italy","ITA",977,167,10149,631,14,NA
"107",2020-03-11,"Japan","JPN",54,3,568,12,0,NA
"108",2020-03-11,"Korea, Republic of","KOR",242,6,7755,60,14,NA
"109",2020-03-11,"Spain","ESP",435,7,1639,35,1,NA
"110",2020-03-11,"USA","USA",271,2,1025,28,6,NA
"111",2020-03-12,"China","CHN",24,11,80932,3172,50,NA
"112",2020-03-12,"France","FRA",497,15,2281,48,4,NA
"113",2020-03-12,"Iran, Islamic Republic of","IRN",958,63,9000,354,16,NA
"114",2020-03-12,"Italy","ITA",2313,196,12462,827,15,NA
"115",2020-03-12,"Japan","JPN",51,3,619,15,1,NA
"116",2020-03-12,"Korea, Republic of","KOR",114,6,7869,66,15,NA
"117",2020-03-12,"Spain","ESP",501,12,2140,47,2,NA
"118",2020-03-12,"USA","USA",287,2,1312,30,7,NA
"119",2020-03-13,"China","CHN",22,7,80954,3179,51,NA
"120",2020-03-13,"France","FRA",595,13,2876,61,5,NA
"121",2020-03-13,"Iran, Islamic Republic of","IRN",1075,75,10075,429,17,NA
"122",2020-03-13,"Italy","ITA",2651,189,15113,1016,16,NA
"123",2020-03-13,"Japan","JPN",56,4,675,19,2,NA
"124",2020-03-13,"Korea, Republic of","KOR",110,1,7979,67,16,NA
"125",2020-03-13,"Spain","ESP",864,37,3004,84,3,NA
"126",2020-03-13,"United Kingdom","GBR",134,4,590,10,0,NA
"127",2020-03-13,"USA","USA",351,10,1663,40,8,NA
"128",2020-03-14,"China","CHN",19,15,80973,3194,52,NA
"129",2020-03-14,"France","FRA",785,18,3661,79,6,NA
"130",2020-03-14,"Iran, Islamic Republic of","IRN",1289,85,11364,514,18,NA
"131",2020-03-14,"Italy","ITA",2547,252,17660,1268,17,NA
"132",2020-03-14,"Japan","JPN",62,2,737,21,3,NA
"133",2020-03-14,"Korea, Republic of","KOR",107,5,8086,72,17,NA
"134",2020-03-14,"Spain","ESP",1227,37,4231,121,4,NA
"135",2020-03-14,"United Kingdom","GBR",117,0,707,10,1,NA
"136",2020-03-14,"USA","USA",511,7,2174,47,9,NA
"137",2020-03-15,"China","CHN",22,9,80995,3203,53,NA
"138",2020-03-15,"France","FRA",838,12,4499,91,7,NA
"139",2020-03-15,"Iran, Islamic Republic of","IRN",1365,97,12729,611,19,NA
"140",2020-03-15,"Italy","ITA",3497,173,21157,1441,18,NA
"141",2020-03-15,"Japan","JPN",43,1,780,22,4,NA
"142",2020-03-15,"Netherlands","NLD",155,7,959,12,0,NA
"143",2020-03-15,"Korea, Republic of","KOR",76,3,8162,75,18,NA
"144",2020-03-15,"Spain","ESP",1522,15,5753,136,5,NA
"145",2020-03-15,"Switzerland","CHE",238,4,1359,11,0,NA
"146",2020-03-15,"United Kingdom","GBR",433,11,1140,21,2,NA
"147",2020-03-15,"USA","USA",777,10,2951,57,10,NA
"148",2020-03-16,"China","CHN",25,13,81020,3216,54,NA
"149",2020-03-16,"France","FRA",924,36,5423,127,8,NA
"150",2020-03-16,"Germany","DEU",1043,4,4838,12,0,NA
"151",2020-03-16,"Iran, Islamic Republic of","IRN",1209,113,13938,724,20,NA
"152",2020-03-16,"Italy","ITA",2823,370,23980,1811,19,NA
"153",2020-03-16,"Japan","JPN",34,2,814,24,5,NA
"154",2020-03-16,"Netherlands","NLD",176,8,1135,20,1,NA
"155",2020-03-16,"Philippines","PHL",29,6,140,12,0,NA
"156",2020-03-16,"Korea, Republic of","KOR",74,0,8236,75,19,NA
"157",2020-03-16,"Spain","ESP",2000,152,7753,288,6,NA
"158",2020-03-16,"Switzerland","CHE",841,2,2200,13,1,NA
"159",2020-03-16,"United Kingdom","GBR",251,14,1391,35,3,NA
"160",2020-03-16,"USA","USA",823,12,3774,69,11,NA
"161",2020-03-17,"China","CHN",43,9,81063,3225,55,NA
"162",2020-03-17,"France","FRA",1210,21,6633,148,9,NA
"163",2020-03-17,"Germany","DEU",1174,1,6012,13,1,NA
"164",2020-03-17,"Iran, Islamic Republic of","IRN",1053,129,14991,853,21,NA
"165",2020-03-17,"Italy","ITA",4000,347,27980,2158,20,NA
"166",2020-03-17,"Japan","JPN",10,4,824,28,6,NA
"167",2020-03-17,"Netherlands","NLD",278,4,1413,24,2,NA
"168",2020-03-17,"Philippines","PHL",2,0,142,12,1,NA
"169",2020-03-17,"Korea, Republic of","KOR",84,6,8320,81,20,NA
"170",2020-03-17,"Spain","ESP",1438,21,9191,309,7,NA
"171",2020-03-17,"Switzerland","CHE",0,1,2200,14,2,NA
"172",2020-03-17,"United Kingdom","GBR",152,20,1543,55,4,NA
"173",2020-03-17,"USA","USA",887,16,4661,85,12,NA
"174",2020-03-18,"China","CHN",23,16,81086,3241,56,NA
"175",2020-03-18,"France","FRA",1097,27,7730,175,10,NA
"176",2020-03-18,"Germany","DEU",1144,0,7156,13,2,NA
"177",2020-03-18,"Iran, Islamic Republic of","IRN",1178,135,16169,988,22,NA
"178",2020-03-18,"Iraq","IRQ",30,2,154,11,0,NA
"179",2020-03-18,"Italy","ITA",3526,347,31506,2505,21,NA
"180",2020-03-18,"Japan","JPN",5,0,829,28,7,NA
"181",2020-03-18,"Netherlands","NLD",292,19,1705,43,3,NA
"182",2020-03-18,"Philippines","PHL",45,2,187,14,2,NA
"183",2020-03-18,"San Marino","SMR",2,2,104,11,0,NA
"184",2020-03-18,"Korea, Republic of","KOR",93,5,8413,86,21,NA
"185",2020-03-18,"Spain","ESP",1987,182,11178,491,8,NA
"186",2020-03-18,"Switzerland","CHE",450,5,2650,19,3,NA
"187",2020-03-18,"United Kingdom","GBR",407,5,1950,60,5,NA
"188",2020-03-18,"USA","USA",1766,23,6427,108,13,NA
"189",2020-03-19,"Belgium","BEL",243,9,1486,14,0,NA
"190",2020-03-19,"China","CHN",44,8,81130,3249,57,NA
"191",2020-03-19,"France","FRA",1404,69,9134,244,11,NA
"192",2020-03-19,"Germany","DEU",1042,0,8198,13,3,NA
"193",2020-03-19,"Iran, Islamic Republic of","IRN",1192,147,17361,1135,23,NA
"194",2020-03-19,"Iraq","IRQ",10,1,164,12,1,NA
"195",2020-03-19,"Italy","ITA",4207,473,35713,2978,22,NA
"196",2020-03-19,"Japan","JPN",44,1,873,29,8,NA
"197",2020-03-19,"Netherlands","NLD",346,15,2051,58,4,NA
"198",2020-03-19,"Philippines","PHL",15,3,202,17,3,NA
"199",2020-03-19,"San Marino","SMR",5,3,109,14,1,NA
"200",2020-03-19,"Korea, Republic of","KOR",152,5,8565,91,22,NA
"201",2020-03-19,"Spain","ESP",2538,107,13716,598,9,NA
"202",2020-03-19,"Sweden","SWE",134,2,1301,10,0,NA
"203",2020-03-19,"Switzerland","CHE",360,2,3010,21,4,NA
"204",2020-03-19,"United Kingdom","GBR",680,43,2630,103,6,NA
"205",2020-03-19,"USA","USA",2988,42,9415,150,14,NA
"206",2020-03-20,"Belgium","BEL",309,7,1795,21,1,NA
"207",2020-03-20,"Canada","CAN",156,1,846,10,0,NA
"208",2020-03-20,"China","CHN",99,4,81229,3253,58,NA
"209",2020-03-20,"France","FRA",1861,128,10995,372,12,NA
"210",2020-03-20,"Germany","DEU",5940,30,14138,43,4,NA
"211",2020-03-20,"Indonesia","IDN",55,14,227,19,0,NA
"212",2020-03-20,"Iran, Islamic Republic of","IRN",1046,149,18407,1284,24,NA
"213",2020-03-20,"Iraq","IRQ",13,0,177,12,2,NA
"214",2020-03-20,"Italy","ITA",5322,429,41035,3407,23,NA
"215",2020-03-20,"Japan","JPN",77,4,950,33,9,NA
"216",2020-03-20,"Netherlands","NLD",409,18,2460,76,5,NA
"217",2020-03-20,"Philippines","PHL",28,1,230,18,4,NA
"218",2020-03-20,"San Marino","SMR",17,0,126,14,2,NA
"219",2020-03-20,"Korea, Republic of","KOR",87,9,8652,100,23,NA
"220",2020-03-20,"Spain","ESP",3431,169,17147,767,10,NA
"221",2020-03-20,"Sweden","SWE",122,0,1423,10,1,NA
"222",2020-03-20,"Switzerland","CHE",878,12,3888,33,5,NA
"223",2020-03-20,"United Kingdom","GBR",647,41,3277,144,7,NA
"224",2020-03-20,"USA","USA",4835,0,14250,150,15,NA
"225",2020-03-21,"Algeria","DZA",12,3,94,10,0,NA
"226",2020-03-21,"Belgium","BEL",462,16,2257,37,2,NA
"227",2020-03-21,"Brazil","BRA",283,5,904,11,0,NA
"228",2020-03-21,"Canada","CAN",125,2,971,12,1,NA
"229",2020-03-21,"China","CHN",52,6,81281,3259,59,NA
"230",2020-03-21,"France","FRA",1617,78,12612,450,13,NA
"231",2020-03-21,"Germany","DEU",4049,2,18187,45,5,NA
"232",2020-03-21,"Indonesia","IDN",82,6,309,25,1,NA
"233",2020-03-21,"Iran, Islamic Republic of","IRN",1237,149,19644,1433,25,NA
"234",2020-03-21,"Iraq","IRQ",16,2,193,14,3,NA
"235",2020-03-21,"Italy","ITA",5986,625,47021,4032,24,NA
"236",2020-03-21,"Japan","JPN",57,2,1007,35,10,NA
"237",2020-03-21,"Netherlands","NLD",534,30,2994,106,6,NA
"238",2020-03-21,"Philippines","PHL",0,0,230,18,5,NA
"239",2020-03-21,"San Marino","SMR",25,0,151,14,3,NA
"240",2020-03-21,"Korea, Republic of","KOR",147,3,8799,103,24,NA
"241",2020-03-21,"Spain","ESP",2833,235,19980,1002,11,NA
"242",2020-03-21,"Sweden","SWE",200,6,1623,16,2,NA
"243",2020-03-21,"Switzerland","CHE",952,10,4840,43,6,NA
"244",2020-03-21,"United Kingdom","GBR",706,33,3983,177,8,NA
"245",2020-03-21,"USA","USA",5374,110,19624,260,16,NA
"246",2020-03-22,"Algeria","DZA",0,0,94,10,1,NA
"247",2020-03-22,"Belgium","BEL",558,30,2815,67,3,NA
"248",2020-03-22,"Brazil","BRA",224,7,1128,18,1,NA
"249",2020-03-22,"Canada","CAN",331,6,1302,18,2,NA
"250",2020-03-22,"China","CHN",65,6,81346,3265,60,NA
"251",2020-03-22,"Denmark","DNK",71,4,1326,13,0,NA
"252",2020-03-22,"France","FRA",1847,112,14459,562,14,NA
"253",2020-03-22,"Germany","DEU",3276,22,21463,67,6,NA
"254",2020-03-22,"Greece","GRC",35,5,530,13,0,NA
"255",2020-03-22,"Indonesia","IDN",141,13,450,38,2,NA
"256",2020-03-22,"Iran, Islamic Republic of","IRN",966,123,20610,1556,26,NA
"257",2020-03-22,"Iraq","IRQ",21,3,214,17,4,NA
"258",2020-03-22,"Italy","ITA",6557,795,53578,4827,25,NA
"259",2020-03-22,"Japan","JPN",39,1,1046,36,11,NA
"260",2020-03-22,"Netherlands","NLD",637,30,3631,136,7,NA
"261",2020-03-22,"Philippines","PHL",150,7,380,25,6,NA
"262",2020-03-22,"Portugal","PRT",260,6,1280,12,0,NA
"263",2020-03-22,"San Marino","SMR",0,6,151,20,4,NA
"264",2020-03-22,"Korea, Republic of","KOR",98,1,8897,104,25,NA
"265",2020-03-22,"Spain","ESP",4946,324,24926,1326,12,NA
"266",2020-03-22,"Sweden","SWE",123,4,1746,20,3,NA
"267",2020-03-22,"Switzerland","CHE",1237,13,6077,56,7,NA
"268",2020-03-22,"Turkey","TUR",277,12,947,21,0,NA
"269",2020-03-22,"United Kingdom","GBR",1035,56,5018,233,9,NA
"270",2020-03-22,"USA","USA",7123,80,26747,340,17,NA
"271",2020-03-23,"Algeria","DZA",8,5,102,15,2,NA
"272",2020-03-23,"Austria","AUT",607,8,3631,16,0,NA
"273",2020-03-23,"Belgium","BEL",586,8,3401,75,4,NA
"274",2020-03-23,"Brazil","BRA",418,7,1546,25,2,NA
"275",2020-03-23,"Canada","CAN",128,2,1430,20,3,NA
"276",2020-03-23,"China","CHN",138,9,81484,3274,61,NA
"277",2020-03-23,"Denmark","DNK",69,0,1395,13,1,NA
"278",2020-03-23,"Ecuador","ECU",257,7,789,14,0,NA
"279",2020-03-23,"Egypt","EGY",9,2,294,10,0,NA
"280",2020-03-23,"France","FRA",1559,112,16018,674,15,NA
"281",2020-03-23,"Germany","DEU",3311,27,24774,94,7,NA
"282",2020-03-23,"Greece","GRC",94,2,624,15,1,NA
"283",2020-03-23,"Indonesia","IDN",64,10,514,48,3,NA
"284",2020-03-23,"Iran, Islamic Republic of","IRN",1028,129,21638,1685,27,NA
"285",2020-03-23,"Iraq","IRQ",19,3,233,20,5,NA
"286",2020-03-23,"Italy","ITA",5560,649,59138,5476,26,NA
"287",2020-03-23,"Japan","JPN",43,5,1089,41,12,NA
"288",2020-03-23,"Malaysia","MYS",123,6,1306,10,0,NA
"289",2020-03-23,"Netherlands","NLD",573,43,4204,179,8,NA
"290",2020-03-23,"Philippines","PHL",0,0,380,25,7,NA
"291",2020-03-23,"Portugal","PRT",320,2,1600,14,1,NA
"292",2020-03-23,"San Marino","SMR",0,0,151,20,5,NA
"293",2020-03-23,"Korea, Republic of","KOR",64,9,8961,113,26,NA
"294",2020-03-23,"Spain","ESP",3646,394,28572,1720,13,NA
"295",2020-03-23,"Sweden","SWE",160,1,1906,21,4,NA
"296",2020-03-23,"Switzerland","CHE",894,4,6971,60,8,NA
"297",2020-03-23,"Turkey","TUR",289,9,1236,30,1,NA
"298",2020-03-23,"United Kingdom","GBR",665,48,5683,281,10,NA
"299",2020-03-23,"USA","USA",8459,131,35206,471,18,NA
"300",2020-03-24,"Algeria","DZA",87,2,189,17,3,NA
"301",2020-03-24,"Austria","AUT",855,9,4486,25,1,NA
"302",2020-03-24,"Belgium","BEL",342,13,3743,88,5,NA
"303",2020-03-24,"Brazil","BRA",345,9,1891,34,3,NA
"304",2020-03-24,"Canada","CAN",216,4,1646,24,4,NA
"305",2020-03-24,"China","CHN",69,7,81553,3281,62,NA
"306",2020-03-24,"Denmark","DNK",65,11,1460,24,2,NA
"307",2020-03-24,"Ecuador","ECU",192,4,981,18,1,NA
"308",2020-03-24,"Egypt","EGY",33,4,327,14,1,NA
"309",2020-03-24,"France","FRA",3838,186,19856,860,16,NA
"310",2020-03-24,"Germany","DEU",4438,32,29212,126,8,NA
"311",2020-03-24,"Greece","GRC",71,2,695,17,2,NA
"312",2020-03-24,"Indonesia","IDN",65,1,579,49,4,NA
"313",2020-03-24,"Iran, Islamic Republic of","IRN",1411,127,23049,1812,28,NA
"314",2020-03-24,"Iraq","IRQ",33,3,266,23,6,NA
"315",2020-03-24,"Italy","ITA",4789,601,63927,6077,27,NA
"316",2020-03-24,"Japan","JPN",39,1,1128,42,13,NA
"317",2020-03-24,"Malaysia","MYS",212,4,1518,14,1,NA
"318",2020-03-24,"Netherlands","NLD",545,34,4749,213,9,NA
"319",2020-03-24,"Philippines","PHL",82,8,462,33,8,NA
"320",2020-03-24,"Portugal","PRT",460,9,2060,23,2,NA
"321",2020-03-24,"San Marino","SMR",36,0,187,20,6,NA
"322",2020-03-24,"Korea, Republic of","KOR",76,7,9037,120,27,NA
"323",2020-03-24,"Spain","ESP",4517,462,33089,2182,14,NA
"324",2020-03-24,"Sweden","SWE",110,4,2016,25,5,NA
"325",2020-03-24,"Switzerland","CHE",1044,6,8015,66,9,NA
"326",2020-03-24,"Turkey","TUR",293,7,1529,37,2,NA
"327",2020-03-24,"United Kingdom","GBR",967,54,6650,335,11,NA
"328",2020-03-24,"USA","USA",11236,119,46442,590,19,NA
"329",2020-03-25,"Algeria","DZA",42,0,231,17,4,NA
"330",2020-03-25,"Austria","AUT",796,5,5282,30,2,NA
"331",2020-03-25,"Belgium","BEL",526,34,4269,122,6,NA
"332",2020-03-25,"Brazil","BRA",310,12,2201,46,4,NA
"333",2020-03-25,"Canada","CAN",313,3,1959,27,5,NA
"334",2020-03-25,"China","CHN",78,4,81631,3285,63,NA
"335",2020-03-25,"Denmark","DNK",131,8,1591,32,3,NA
"336",2020-03-25,"Ecuador","ECU",101,9,1082,27,2,NA
"337",2020-03-25,"Egypt","EGY",39,5,366,19,2,NA
"338",2020-03-25,"France","FRA",2446,240,22302,1100,17,NA
"339",2020-03-25,"Germany","DEU",2342,23,31554,149,9,NA
"340",2020-03-25,"Greece","GRC",48,3,743,20,3,NA
"341",2020-03-25,"Hungary","HUN",39,2,226,10,0,NA
"342",2020-03-25,"Indonesia","IDN",107,6,686,55,5,NA
"343",2020-03-25,"Iran, Islamic Republic of","IRN",1762,122,24811,1934,29,NA
"344",2020-03-25,"Iraq","IRQ",50,4,316,27,7,NA
"345",2020-03-25,"Italy","ITA",5249,743,69176,6820,28,NA
"346",2020-03-25,"Japan","JPN",65,1,1193,43,14,NA
"347",2020-03-25,"Malaysia","MYS",106,1,1624,15,2,NA
"348",2020-03-25,"Netherlands","NLD",811,63,5560,276,10,NA
"349",2020-03-25,"Norway","NOR",195,2,2566,10,0,NA
"350",2020-03-25,"Philippines","PHL",90,2,552,35,9,NA
"351",2020-03-25,"Poland","POL",152,2,901,10,0,NA
"352",2020-03-25,"Portugal","PRT",302,10,2362,33,3,NA
"353",2020-03-25,"Romania","ROU",186,4,762,11,0,NA
"354",2020-03-25,"San Marino","SMR",0,1,187,21,7,NA
"355",2020-03-25,"Korea, Republic of","KOR",100,6,9137,126,28,NA
"356",2020-03-25,"Spain","ESP",6584,514,39673,2696,15,NA
"357",2020-03-25,"Sweden","SWE",256,11,2272,36,6,NA
"358",2020-03-25,"Switzerland","CHE",774,20,8789,86,10,NA
"359",2020-03-25,"Turkey","TUR",343,7,1872,44,3,NA
"360",2020-03-25,"United Kingdom","GBR",1427,87,8077,422,12,NA
"361",2020-03-25,"USA","USA",8789,211,55231,801,20,NA
"362",2020-03-26,"Algeria","DZA",33,0,264,17,5,NA
"363",2020-03-26,"Australia","AUS",376,3,2799,11,0,NA
"364",2020-03-26,"Austria","AUT",606,4,5888,34,3,NA
"365",2020-03-26,"Belgium","BEL",668,56,4937,178,7,NA
"366",2020-03-26,"Brazil","BRA",232,11,2433,57,5,NA
"367",2020-03-26,"Canada","CAN",1426,8,3385,35,6,NA
"368",2020-03-26,"China","CHN",102,6,81733,3291,64,NA
"369",2020-03-26,"Denmark","DNK",133,2,1724,34,4,NA
"370",2020-03-26,"Dominican Republic","DOM",80,4,392,10,0,NA
"371",2020-03-26,"Ecuador","ECU",129,2,1211,29,3,NA
"372",2020-03-26,"Egypt","EGY",76,2,442,21,3,NA
"373",2020-03-26,"France","FRA",2931,231,25233,1331,18,NA
"374",2020-03-26,"Germany","DEU",4954,49,36508,198,10,NA
"375",2020-03-26,"Greece","GRC",78,2,821,22,4,NA
"376",2020-03-26,"Hungary","HUN",35,0,261,10,1,NA
"377",2020-03-26,"India","IND",87,4,649,13,0,NA
"378",2020-03-26,"Indonesia","IDN",104,3,790,58,6,NA
"379",2020-03-26,"Iran, Islamic Republic of","IRN",2206,143,27017,2077,30,NA
"380",2020-03-26,"Iraq","IRQ",30,2,346,29,8,NA
"381",2020-03-26,"Italy","ITA",5210,685,74386,7505,29,NA
"382",2020-03-26,"Japan","JPN",75,2,1268,45,15,NA
"383",2020-03-26,"Malaysia","MYS",172,4,1796,19,3,NA
"384",2020-03-26,"Netherlands","NLD",852,80,6412,356,11,NA
"385",2020-03-26,"Norway","NOR",350,2,2916,12,1,NA
"386",2020-03-26,"Philippines","PHL",84,3,636,38,10,NA
"387",2020-03-26,"Poland","POL",150,4,1051,14,1,NA
"388",2020-03-26,"Portugal","PRT",633,10,2995,43,4,NA
"389",2020-03-26,"Romania","ROU",144,2,906,13,1,NA
"390",2020-03-26,"San Marino","SMR",21,0,208,21,8,NA
"391",2020-03-26,"Korea, Republic of","KOR",104,5,9241,131,29,NA
"392",2020-03-26,"Spain","ESP",7937,738,47610,3434,16,NA
"393",2020-03-26,"Sweden","SWE",238,6,2510,42,7,NA
"394",2020-03-26,"Switzerland","CHE",925,17,9714,103,11,NA
"395",2020-03-26,"Turkey","TUR",561,15,2433,59,4,NA
"396",2020-03-26,"United Kingdom","GBR",1452,41,9529,463,13,NA
"397",2020-03-26,"USA","USA",13963,249,69194,1050,21,NA
"398",2020-03-27,"Algeria","DZA",41,4,305,21,6,NA
"399",2020-03-27,"Argentina","ARG",87,4,589,12,0,NA
"400",2020-03-27,"Australia","AUS",367,2,3166,13,1,NA
"401",2020-03-27,"Austria","AUT",1141,18,7029,52,4,NA
"402",2020-03-27,"Belgium","BEL",1298,42,6235,220,8,NA
"403",2020-03-27,"Brazil","BRA",482,20,2915,77,6,NA
"404",2020-03-27,"Canada","CAN",633,4,4018,39,7,NA
"405",2020-03-27,"China","CHN",94,5,81827,3296,65,NA
"406",2020-03-27,"Denmark","DNK",153,7,1877,41,5,NA
"407",2020-03-27,"Dominican Republic","DOM",96,0,488,10,1,NA
"408",2020-03-27,"Ecuador","ECU",192,5,1403,34,4,NA
"409",2020-03-27,"Egypt","EGY",14,0,456,21,4,NA
"410",2020-03-27,"France","FRA",3922,365,29155,1696,19,NA
"411",2020-03-27,"Germany","DEU",5780,55,42288,253,11,NA
"412",2020-03-27,"Greece","GRC",71,4,892,26,5,NA
"413",2020-03-27,"Hungary","HUN",39,0,300,10,2,NA
"414",2020-03-27,"India","IND",75,4,724,17,1,NA
"415",2020-03-27,"Indonesia","IDN",103,20,893,78,7,NA
"416",2020-03-27,"Iran, Islamic Republic of","IRN",2389,157,29406,2234,31,NA
"417",2020-03-27,"Iraq","IRQ",36,7,382,36,9,NA
"418",2020-03-27,"Ireland","IRL",255,10,1819,19,0,NA
"419",2020-03-27,"Italy","ITA",6153,660,80539,8165,30,NA
"420",2020-03-27,"Japan","JPN",96,1,1364,46,16,NA
"421",2020-03-27,"Malaysia","MYS",235,4,2031,23,4,NA
"422",2020-03-27,"Morocco","MAR",50,4,275,10,0,NA
"423",2020-03-27,"Netherlands","NLD",1019,78,7431,434,12,NA
"424",2020-03-27,"Norway","NOR",240,2,3156,14,2,NA
"425",2020-03-27,"Philippines","PHL",71,7,707,45,11,NA
"426",2020-03-27,"Poland","POL",170,2,1221,16,2,NA
"427",2020-03-27,"Portugal","PRT",549,17,3544,60,5,NA
"428",2020-03-27,"Romania","ROU",123,4,1029,17,2,NA
"429",2020-03-27,"San Marino","SMR",10,0,218,21,9,NA
"430",2020-03-27,"Korea, Republic of","KOR",91,8,9332,139,30,NA
"431",2020-03-27,"Spain","ESP",8578,655,56188,4089,17,NA
"432",2020-03-27,"Sweden","SWE",296,24,2806,66,8,NA
"433",2020-03-27,"Switzerland","CHE",1000,58,10714,161,12,NA
"434",2020-03-27,"Turkey","TUR",1196,16,3629,75,5,NA
"435",2020-03-27,"United Kingdom","GBR",2129,115,11658,578,14,NA
"436",2020-03-27,"USA","USA",16797,246,85991,1296,22,NA
"437",2020-03-28,"Algeria","DZA",0,0,305,21,7,NA
"438",2020-03-28,"Argentina","ARG",101,5,690,17,1,NA
"439",2020-03-28,"Australia","AUS",212,0,3378,13,2,NA
"440",2020-03-28,"Austria","AUT",668,16,7697,68,5,NA
"441",2020-03-28,"Belgium","BEL",1049,69,7284,289,9,NA
"442",2020-03-28,"Brazil","BRA",502,15,3417,92,7,NA
"443",2020-03-28,"Canada","CAN",657,14,4675,53,8,NA
"444",2020-03-28,"China","CHN",119,3,81946,3299,66,NA
"445",2020-03-28,"Denmark","DNK",169,11,2046,52,6,NA
"446",2020-03-28,"Dominican Republic","DOM",93,10,581,20,2,NA
"447",2020-03-28,"Ecuador","ECU",224,7,1627,41,5,NA
"448",2020-03-28,"Egypt","EGY",39,3,495,24,5,NA
"449",2020-03-28,"France","FRA",3809,299,32964,1995,20,NA
"450",2020-03-28,"Germany","DEU",6294,72,48582,325,12,NA
"451",2020-03-28,"Greece","GRC",74,2,966,28,6,NA
"452",2020-03-28,"Hungary","HUN",43,1,343,11,3,NA
"453",2020-03-28,"India","IND",149,2,873,19,2,NA
"454",2020-03-28,"Indonesia","IDN",153,9,1046,87,8,NA
"455",2020-03-28,"Iran, Islamic Republic of","IRN",2926,144,32332,2378,32,NA
"456",2020-03-28,"Iraq","IRQ",76,4,458,40,10,NA
"457",2020-03-28,"Ireland","IRL",302,3,2121,22,1,NA
"458",2020-03-28,"Israel","ISR",369,2,3035,10,0,NA
"459",2020-03-28,"Italy","ITA",5959,971,86498,9136,31,NA
"460",2020-03-28,"Japan","JPN",135,3,1499,49,17,NA
"461",2020-03-28,"Luxembourg","LUX",152,6,1605,15,0,NA
"462",2020-03-28,"Malaysia","MYS",130,3,2161,26,5,NA
"463",2020-03-28,"Mexico","MEX",132,4,717,12,0,NA
"464",2020-03-28,"Morocco","MAR",70,13,345,23,1,NA
"465",2020-03-28,"Netherlands","NLD",1172,112,8603,546,13,NA
"466",2020-03-28,"Norway","NOR",425,2,3581,16,3,NA
"467",2020-03-28,"Panama","PAN",112,5,786,14,0,NA
"468",2020-03-28,"Peru","PER",55,2,635,11,0,NA
"469",2020-03-28,"Philippines","PHL",96,9,803,54,12,NA
"470",2020-03-28,"Poland","POL",168,0,1389,16,3,NA
"471",2020-03-28,"Portugal","PRT",724,16,4268,76,6,NA
"472",2020-03-28,"Romania","ROU",263,7,1292,24,3,NA
"473",2020-03-28,"San Marino","SMR",5,0,223,21,10,NA
"474",2020-03-28,"Korea, Republic of","KOR",146,5,9478,144,31,NA
"475",2020-03-28,"Spain","ESP",7871,769,64059,4858,18,NA
"476",2020-03-28,"Sweden","SWE",240,26,3046,92,9,NA
"477",2020-03-28,"Switzerland","CHE",1390,36,12104,197,13,NA
"478",2020-03-28,"Turkey","TUR",2069,17,5698,92,6,NA
"479",2020-03-28,"United Kingdom","GBR",2885,181,14543,759,15,NA
"480",2020-03-28,"USA","USA",18695,411,104686,1707,23,NA
"481",2020-03-29,"Albania","ALB",11,1,197,10,0,NA
"482",2020-03-29,"Algeria","DZA",104,5,409,26,8,NA
"483",2020-03-29,"Argentina","ARG",55,2,745,19,2,NA
"484",2020-03-29,"Australia","AUS",431,1,3809,14,3,NA
"485",2020-03-29,"Austria","AUT",594,0,8291,68,6,NA
"486",2020-03-29,"Belgium","BEL",1850,64,9134,353,10,NA
"487",2020-03-29,"Brazil","BRA",487,22,3904,114,8,NA
"488",2020-03-29,"Canada","CAN",711,7,5386,60,9,NA
"489",2020-03-29,"China","CHN",113,5,82059,3304,67,NA
"490",2020-03-29,"Czech Republic","CZE",384,2,2663,11,0,NA
"491",2020-03-29,"Denmark","DNK",155,13,2201,65,7,NA
"492",2020-03-29,"Dominican Republic","DOM",138,8,719,28,3,NA
"493",2020-03-29,"Ecuador","ECU",208,7,1835,48,6,NA
"494",2020-03-29,"Egypt","EGY",41,6,536,30,6,NA
"495",2020-03-29,"France","FRA",4611,319,37575,2314,21,NA
"496",2020-03-29,"Germany","DEU",3965,64,52547,389,13,NA
"497",2020-03-29,"Greece","GRC",95,4,1061,32,7,NA
"498",2020-03-29,"Hungary","HUN",65,2,408,13,4,NA
"499",2020-03-29,"India","IND",106,6,979,25,3,NA
"500",2020-03-29,"Indonesia","IDN",109,15,1155,102,9,NA
"501",2020-03-29,"Iran, Islamic Republic of","IRN",3076,139,35408,2517,33,NA
"502",2020-03-29,"Iraq","IRQ",48,2,506,42,11,NA
"503",2020-03-29,"Ireland","IRL",294,14,2415,36,2,NA
"504",2020-03-29,"Israel","ISR",584,2,3619,12,1,NA
"505",2020-03-29,"Italy","ITA",5974,887,92472,10023,32,NA
"506",2020-03-29,"Japan","JPN",194,3,1693,52,18,NA
"507",2020-03-29,"Luxembourg","LUX",226,3,1831,18,1,NA
"508",2020-03-29,"Malaysia","MYS",159,1,2320,27,6,NA
"509",2020-03-29,"Mexico","MEX",131,4,848,16,1,NA
"510",2020-03-29,"Morocco","MAR",13,0,358,23,2,NA
"511",2020-03-29,"Netherlands","NLD",1159,93,9762,639,14,NA
"512",2020-03-29,"Norway","NOR",264,4,3845,20,4,NA
"513",2020-03-29,"Pakistan","PAK",211,2,1408,11,0,NA
"514",2020-03-29,"Panama","PAN",115,3,901,17,1,NA
"515",2020-03-29,"Peru","PER",36,5,671,16,1,NA
"516",2020-03-29,"Philippines","PHL",272,14,1075,68,13,NA
"517",2020-03-29,"Poland","POL",249,2,1638,18,4,NA
"518",2020-03-29,"Portugal","PRT",902,24,5170,100,7,NA
"519",2020-03-29,"Romania","ROU",160,5,1452,29,4,NA
"520",2020-03-29,"San Marino","SMR",1,1,224,22,11,NA
"521",2020-03-29,"Serbia","SRB",202,4,659,10,0,NA
"522",2020-03-29,"Korea, Republic of","KOR",105,8,9583,152,32,NA
"523",2020-03-29,"Spain","ESP",8189,832,72248,5690,19,NA
"524",2020-03-29,"Sweden","SWE",401,10,3447,102,10,NA
"525",2020-03-29,"Switzerland","CHE",1048,38,13152,235,14,NA
"526",2020-03-29,"Turkey","TUR",1704,16,7402,108,7,NA
"527",2020-03-29,"United Kingdom","GBR",2546,260,17089,1019,16,NA
"528",2020-03-29,"USA","USA",19979,484,124665,2191,24,NA
"529",2020-03-30,"Albania","ALB",15,0,212,10,1,NA
"530",2020-03-30,"Algeria","DZA",45,3,454,29,9,NA
"531",2020-03-30,"Argentina","ARG",75,1,820,20,3,NA
"532",2020-03-30,"Australia","AUS",284,2,4093,16,4,NA
"533",2020-03-30,"Austria","AUT",522,18,8813,86,7,NA
"534",2020-03-30,"Belgium","BEL",1702,78,10836,431,11,NA
"535",2020-03-30,"Brazil","BRA",352,22,4256,136,9,NA
"536",2020-03-30,"Canada","CAN",869,1,6255,61,10,NA
"537",2020-03-30,"China","CHN",98,2,82157,3306,68,NA
"538",2020-03-30,"Colombia","COL",94,4,702,10,0,NA
"539",2020-03-30,"Czech Republic","CZE",166,5,2829,16,1,NA
"540",2020-03-30,"Denmark","DNK",194,7,2395,72,8,NA
"541",2020-03-30,"Dominican Republic","DOM",140,11,859,39,4,NA
"542",2020-03-30,"Ecuador","ECU",55,10,1890,58,7,NA
"543",2020-03-30,"Egypt","EGY",40,6,576,36,7,NA
"544",2020-03-30,"Finland","FIN",0,2,1218,11,0,NA
"545",2020-03-30,"France","FRA",2599,292,40174,2606,22,NA
"546",2020-03-30,"Germany","DEU",4751,66,57298,455,14,NA
"547",2020-03-30,"Greece","GRC",95,6,1156,38,8,NA
"548",2020-03-30,"Hungary","HUN",39,2,447,15,5,NA
"549",2020-03-30,"India","IND",92,4,1071,29,4,NA
"550",2020-03-30,"Indonesia","IDN",130,12,1285,114,10,NA
"551",2020-03-30,"Iran, Islamic Republic of","IRN",2901,123,38309,2640,34,NA
"552",2020-03-30,"Iraq","IRQ",41,0,547,42,12,NA
"553",2020-03-30,"Ireland","IRL",200,10,2615,46,3,NA
"554",2020-03-30,"Israel","ISR",628,3,4247,15,2,NA
"555",2020-03-30,"Italy","ITA",5217,758,97689,10781,33,NA
"556",2020-03-30,"Japan","JPN",173,2,1866,54,19,NA
"557",2020-03-30,"Lebanon","LBN",26,2,438,10,0,NA
"558",2020-03-30,"Luxembourg","LUX",119,3,1950,21,2,NA
"559",2020-03-30,"Malaysia","MYS",150,7,2470,34,7,NA
"560",2020-03-30,"Mexico","MEX",145,4,993,20,2,NA
"561",2020-03-30,"Morocco","MAR",121,3,479,26,3,NA
"562",2020-03-30,"Netherlands","NLD",1104,132,10866,771,15,NA
"563",2020-03-30,"Norway","NOR",257,2,4102,22,5,NA
"564",2020-03-30,"Pakistan","PAK",118,2,1526,13,1,NA
"565",2020-03-30,"Panama","PAN",88,7,989,24,2,NA
"566",2020-03-30,"Peru","PER",181,2,852,18,2,NA
"567",2020-03-30,"Philippines","PHL",343,3,1418,71,14,NA
"568",2020-03-30,"Poland","POL",224,4,1862,22,5,NA
"569",2020-03-30,"Portugal","PRT",792,19,5962,119,8,NA
"570",2020-03-30,"Romania","ROU",308,11,1760,40,5,NA
"571",2020-03-30,"San Marino","SMR",5,2,229,24,12,NA
"572",2020-03-30,"Serbia","SRB",82,3,741,13,1,NA
"573",2020-03-30,"Slovenia","SVN",39,2,730,11,0,NA
"574",2020-03-30,"Korea, Republic of","KOR",78,6,9661,158,33,NA
"575",2020-03-30,"Spain","ESP",6549,838,78797,6528,20,NA
"576",2020-03-30,"Sweden","SWE",253,8,3700,110,11,NA
"577",2020-03-30,"Switzerland","CHE",1122,22,14274,257,15,NA
"578",2020-03-30,"Turkey","TUR",1815,23,9217,131,8,NA
"579",2020-03-30,"United Kingdom","GBR",2433,209,19522,1228,17,NA
"580",2020-03-30,"USA","USA",18360,318,143025,2509,25,NA
"581",2020-03-31,"Albania","ALB",11,2,223,12,2,NA
"582",2020-03-31,"Algeria","DZA",57,2,511,31,10,NA
"583",2020-03-31,"Argentina","ARG",146,4,966,24,4,NA
"584",2020-03-31,"Australia","AUS",464,3,4557,19,5,NA
"585",2020-03-31,"Austria","AUT",805,22,9618,108,8,NA
"586",2020-03-31,"Belgium","BEL",1063,82,11899,513,12,NA
"587",2020-03-31,"Brazil","BRA",323,23,4579,159,10,NA
"588",2020-03-31,"Burkina Faso","BFA",42,3,222,12,0,NA
"589",2020-03-31,"Canada","CAN",1169,28,7424,89,11,NA
"590",2020-03-31,"China","CHN",84,3,82241,3309,69,NA
"591",2020-03-31,"Colombia","COL",96,4,798,14,1,NA
"592",2020-03-31,"Czech Republic","CZE",173,8,3002,24,2,NA
"593",2020-03-31,"Denmark","DNK",182,5,2577,77,9,NA
"594",2020-03-31,"Dominican Republic","DOM",42,3,901,42,5,NA
"595",2020-03-31,"Ecuador","ECU",76,4,1966,62,8,NA
"596",2020-03-31,"Egypt","EGY",33,4,609,40,8,NA
"597",2020-03-31,"Finland","FIN",95,2,1313,13,1,NA
"598",2020-03-31,"France","FRA",4376,418,44550,3024,23,NA
"599",2020-03-31,"Germany","DEU",4615,128,61913,583,15,NA
"600",2020-03-31,"Greece","GRC",56,5,1212,43,9,NA
"601",2020-03-31,"Hungary","HUN",45,1,492,16,6,NA
"602",2020-03-31,"India","IND",180,3,1251,32,5,NA
"603",2020-03-31,"Indonesia","IDN",129,8,1414,122,11,NA
"604",2020-03-31,"Iran, Islamic Republic of","IRN",3186,117,41495,2757,35,NA
"605",2020-03-31,"Iraq","IRQ",83,4,630,46,13,NA
"606",2020-03-31,"Ireland","IRL",295,8,2910,54,4,NA
"607",2020-03-31,"Israel","ISR",226,2,4473,17,3,NA
"608",2020-03-31,"Italy","ITA",4050,810,101739,11591,34,NA
"609",2020-03-31,"Japan","JPN",87,2,1953,56,20,NA
"610",2020-03-31,"Lebanon","LBN",8,1,446,11,1,NA
"611",2020-03-31,"Luxembourg","LUX",38,1,1988,22,3,NA
"612",2020-03-31,"Malaysia","MYS",156,3,2626,37,8,NA
"613",2020-03-31,"Mexico","MEX",101,8,1094,28,3,NA
"614",2020-03-31,"Morocco","MAR",77,7,556,33,4,NA
"615",2020-03-31,"Netherlands","NLD",884,93,11750,864,16,NA
"616",2020-03-31,"Norway","NOR",124,4,4226,26,6,NA
"617",2020-03-31,"Pakistan","PAK",99,5,1625,18,2,NA
"618",2020-03-31,"Panama","PAN",86,2,1075,26,3,NA
"619",2020-03-31,"Peru","PER",98,6,950,24,3,NA
"620",2020-03-31,"Philippines","PHL",666,17,2084,88,15,NA
"621",2020-03-31,"Poland","POL",193,9,2055,31,6,NA
"622",2020-03-31,"Portugal","PRT",446,21,6408,140,9,NA
"623",2020-03-31,"Romania","ROU",192,4,1952,44,6,NA
"624",2020-03-31,"Russian Federation","RUS",302,2,1836,10,0,NA
"625",2020-03-31,"San Marino","SMR",0,1,229,25,13,NA
"626",2020-03-31,"Serbia","SRB",0,0,741,13,2,NA
"627",2020-03-31,"Slovenia","SVN",33,0,763,11,1,NA
"628",2020-03-31,"Korea, Republic of","KOR",125,5,9786,163,34,NA
"629",2020-03-31,"Spain","ESP",6398,812,85195,7340,21,NA
"630",2020-03-31,"Sweden","SWE",328,36,4028,146,12,NA
"631",2020-03-31,"Switzerland","CHE",1138,38,15412,295,16,NA
"632",2020-03-31,"Thailand","THA",263,3,1651,10,0,NA
"633",2020-03-31,"Turkey","TUR",1610,37,10827,168,9,NA
"634",2020-03-31,"Ukraine","UKR",62,2,480,11,0,NA
"635",2020-03-31,"United Kingdom","GBR",2619,180,22141,1408,18,NA
"636",2020-03-31,"USA","USA",21595,661,164620,3170,26,NA
"637",2020-04-01,"Albania","ALB",20,3,243,15,3,NA
"638",2020-04-01,"Algeria","DZA",73,4,584,35,11,NA
"639",2020-04-01,"Andorra","AND",6,4,376,12,0,NA
"640",2020-04-01,"Argentina","ARG",0,0,966,24,5,NA
"641",2020-04-01,"Australia","AUS",150,1,4707,20,6,NA
"642",2020-04-01,"Austria","AUT",564,20,10182,128,9,NA
"643",2020-04-01,"Belgium","BEL",876,192,12775,705,13,NA
"644",2020-04-01,"Bosnia and Herzegovina","BIH",60,4,413,12,0,NA
"645",2020-04-01,"Brazil","BRA",1138,42,5717,201,11,NA
"646",2020-04-01,"Burkina Faso","BFA",24,0,246,12,1,NA
"647",2020-04-01,"Canada","CAN",1112,7,8536,96,12,NA
"648",2020-04-01,"Chile","CHL",289,4,2738,12,0,NA
"649",2020-04-01,"China","CHN",54,1,82295,3310,70,NA
"650",2020-04-01,"Colombia","COL",108,2,906,16,2,NA
"651",2020-04-01,"Czech Republic","CZE",306,7,3308,31,3,NA
"652",2020-04-01,"Denmark","DNK",283,13,2860,90,10,NA
"653",2020-04-01,"Dominican Republic","DOM",208,9,1109,51,6,NA
"654",2020-04-01,"Ecuador","ECU",336,17,2302,79,9,NA
"655",2020-04-01,"Egypt","EGY",47,1,656,41,9,NA
"656",2020-04-01,"Finland","FIN",71,4,1384,17,2,NA
"657",2020-04-01,"France","FRA",7578,499,52128,3523,24,NA
"658",2020-04-01,"Germany","DEU",5453,149,67366,732,16,NA
"659",2020-04-01,"Greece","GRC",102,6,1314,49,10,NA
"660",2020-04-01,"Honduras","HND",31,3,172,10,0,NA
"661",2020-04-01,"Hungary","HUN",33,4,525,20,7,NA
"662",2020-04-01,"India","IND",146,3,1397,35,6,NA
"663",2020-04-01,"Indonesia","IDN",114,14,1528,136,12,NA
"664",2020-04-01,"Iran, Islamic Republic of","IRN",3111,141,44606,2898,36,NA
"665",2020-04-01,"Iraq","IRQ",64,4,694,50,14,NA
"666",2020-04-01,"Ireland","IRL",325,17,3235,71,5,NA
"667",2020-04-01,"Israel","ISR",443,3,4916,20,4,NA
"668",2020-04-01,"Italy","ITA",4053,839,105792,12430,35,NA
"669",2020-04-01,"Japan","JPN",0,0,1953,56,21,NA
"670",2020-04-01,"Lebanon","LBN",17,1,463,12,2,NA
"671",2020-04-01,"Luxembourg","LUX",190,1,2178,23,4,NA
"672",2020-04-01,"Malaysia","MYS",0,0,2626,37,9,NA
"673",2020-04-01,"Mexico","MEX",121,1,1215,29,4,NA
"674",2020-04-01,"Morocco","MAR",61,3,617,36,5,NA
"675",2020-04-01,"Netherlands","NLD",845,175,12595,1039,17,NA
"676",2020-04-01,"Norway","NOR",221,2,4447,28,7,NA
"677",2020-04-01,"Pakistan","PAK",414,8,2039,26,3,NA
"678",2020-04-01,"Panama","PAN",106,4,1181,30,4,NA
"679",2020-04-01,"Peru","PER",115,6,1065,30,4,NA
"680",2020-04-01,"Philippines","PHL",0,0,2084,88,16,NA
"681",2020-04-01,"Poland","POL",256,2,2311,33,7,NA
"682",2020-04-01,"Portugal","PRT",1035,20,7443,160,10,NA
"683",2020-04-01,"Romania","ROU",293,25,2245,69,7,NA
"684",2020-04-01,"Russian Federation","RUS",501,7,2337,17,1,NA
"685",2020-04-01,"San Marino","SMR",1,1,230,26,14,NA
"686",2020-04-01,"Saudi Arabia","SAU",110,2,1563,10,0,NA
"687",2020-04-01,"Serbia","SRB",159,10,900,23,3,NA
"688",2020-04-01,"Slovenia","SVN",51,2,814,13,2,NA
"689",2020-04-01,"Korea, Republic of","KOR",0,0,9786,163,35,NA
"690",2020-04-01,"Spain","ESP",9222,849,94417,8189,22,NA
"691",2020-04-01,"Sweden","SWE",407,34,4435,180,13,NA
"692",2020-04-01,"Switzerland","CHE",696,78,16108,373,17,NA
"693",2020-04-01,"Thailand","THA",0,0,1651,10,1,NA
"694",2020-04-01,"Turkey","TUR",2704,46,13531,214,10,NA
"695",2020-04-01,"Ukraine","UKR",69,2,549,13,1,NA
"696",2020-04-01,"United Kingdom","GBR",3009,381,25150,1789,19,NA
"697",2020-04-01,"USA","USA",24998,909,189618,4079,27,NA
"698",2020-04-02,"Albania","ALB",16,0,259,15,4,NA
"699",2020-04-02,"Algeria","DZA",263,23,847,58,12,NA
"700",2020-04-02,"Andorra","AND",14,2,390,14,1,NA
"701",2020-04-02,"Argentina","ARG",167,7,1133,31,6,NA
"702",2020-04-02,"Australia","AUS",269,1,4976,21,7,NA
"703",2020-04-02,"Austria","AUT",529,18,10711,146,10,NA
"704",2020-04-02,"Belgium","BEL",1189,123,13964,828,14,NA
"705",2020-04-02,"Bosnia and Herzegovina","BIH",51,1,464,13,1,NA
"706",2020-04-02,"Brazil","BRA",1119,40,6836,241,12,NA
"707",2020-04-02,"Bulgaria","BGR",23,2,422,10,0,NA
"708",2020-04-02,"Burkina Faso","BFA",15,2,261,14,2,NA
"709",2020-04-02,"Canada","CAN",1059,13,9595,109,13,NA
"710",2020-04-02,"Chile","CHL",293,4,3031,16,1,NA
"711",2020-04-02,"China","CHN",100,6,82395,3316,71,NA
"712",2020-04-02,"Colombia","COL",159,1,1065,17,3,NA
"713",2020-04-02,"Czech Republic","CZE",281,8,3589,39,4,NA
"714",2020-04-02,"Congo, the Democratic Republic of the","COD",25,3,123,11,0,NA
"715",2020-04-02,"Denmark","DNK",247,14,3107,104,11,NA
"716",2020-04-02,"Dominican Republic","DOM",175,6,1284,57,7,NA
"717",2020-04-02,"Ecuador","ECU",456,41,2758,120,10,NA
"718",2020-04-02,"Egypt","EGY",54,5,710,46,10,NA
"719",2020-04-02,"Finland","FIN",62,0,1446,17,3,NA
"720",2020-04-02,"France","FRA",4861,509,56989,4032,25,NA
"721",2020-04-02,"Germany","DEU",6156,140,73522,872,17,NA
"722",2020-04-02,"Greece","GRC",61,1,1375,50,11,NA
"723",2020-04-02,"Honduras","HND",47,4,219,14,1,NA
"724",2020-04-02,"Hungary","HUN",60,1,585,21,8,NA
"725",2020-04-02,"India","IND",568,15,1965,50,7,NA
"726",2020-04-02,"Indonesia","IDN",149,21,1677,157,13,NA
"727",2020-04-02,"Iran, Islamic Republic of","IRN",2987,138,47593,3036,37,NA
"728",2020-04-02,"Iraq","IRQ",0,0,694,50,15,NA
"729",2020-04-02,"Ireland","IRL",212,14,3447,85,6,NA
"730",2020-04-02,"Israel","ISR",675,1,5591,21,5,NA
"731",2020-04-02,"Italy","ITA",4782,727,110574,13157,36,NA
"732",2020-04-02,"Japan","JPN",225,1,2178,57,22,NA
"733",2020-04-02,"Lebanon","LBN",16,0,479,12,3,NA
"734",2020-04-02,"Luxembourg","LUX",141,6,2319,29,5,NA
"735",2020-04-02,"Malaysia","MYS",282,8,2908,45,10,NA
"736",2020-04-02,"Mexico","MEX",163,8,1378,37,5,NA
"737",2020-04-02,"Morocco","MAR",37,3,654,39,6,NA
"738",2020-04-02,"Netherlands","NLD",1019,134,13614,1173,18,NA
"739",2020-04-02,"Macedonia, the former Yugoslav Republic of","MKD",25,1,354,10,0,NA
"740",2020-04-02,"Norway","NOR",218,4,4665,32,8,NA
"741",2020-04-02,"Pakistan","PAK",252,5,2291,31,4,NA
"742",2020-04-02,"Panama","PAN",136,2,1317,32,5,NA
"743",2020-04-02,"Peru","PER",258,17,1323,47,5,NA
"744",2020-04-02,"Philippines","PHL",227,8,2311,96,17,NA
"745",2020-04-02,"Poland","POL",243,10,2554,43,8,NA
"746",2020-04-02,"Portugal","PRT",808,27,8251,187,11,NA
"747",2020-04-02,"Puerto Rico","PRI",47,3,286,11,0,NA
"748",2020-04-02,"Romania","ROU",215,16,2460,85,8,NA
"749",2020-04-02,"Russian Federation","RUS",440,7,2777,24,2,NA
"750",2020-04-02,"San Marino","SMR",6,0,236,26,15,NA
"751",2020-04-02,"Saudi Arabia","SAU",157,6,1720,16,1,NA
"752",2020-04-02,"Serbia","SRB",160,0,1060,23,4,NA
"753",2020-04-02,"Slovenia","SVN",27,2,841,15,3,NA
"754",2020-04-02,"Korea, Republic of","KOR",190,6,9976,169,36,NA
"755",2020-04-02,"Spain","ESP",7719,864,102136,9053,23,NA
"756",2020-04-02,"Sweden","SWE",512,59,4947,239,14,NA
"757",2020-04-02,"Switzerland","CHE",962,5,17070,378,18,NA
"758",2020-04-02,"Thailand","THA",120,2,1771,12,2,NA
"759",2020-04-02,"Tunisia","TUN",32,1,394,10,0,NA
"760",2020-04-02,"Turkey","TUR",2148,63,15679,277,11,NA
"761",2020-04-02,"Ukraine","UKR",245,7,794,20,2,NA
"762",2020-04-02,"United Kingdom","GBR",4324,743,29474,2532,20,NA
"763",2020-04-02,"USA","USA",27103,1059,216721,5138,28,NA
"764",2020-04-03,"Albania","ALB",18,1,277,16,5,NA
"765",2020-04-03,"Algeria","DZA",0,0,847,58,13,NA
"766",2020-04-03,"Andorra","AND",38,1,428,15,2,NA
"767",2020-04-03,"Argentina","ARG",0,3,1133,34,7,NA
"768",2020-04-03,"Australia","AUS",248,2,5224,23,8,NA
"769",2020-04-03,"Austria","AUT",418,12,11129,158,11,NA
"770",2020-04-03,"Belgium","BEL",1384,183,15348,1011,15,NA
"771",2020-04-03,"Bosnia and Herzegovina","BIH",68,4,532,17,2,NA
"772",2020-04-03,"Brazil","BRA",1074,58,7910,299,13,NA
"773",2020-04-03,"Bulgaria","BGR",35,0,457,10,1,NA
"774",2020-04-03,"Burkina Faso","BFA",27,2,288,16,3,NA
"775",2020-04-03,"Canada","CAN",1673,29,11268,138,14,NA
"776",2020-04-03,"Chile","CHL",373,2,3404,18,2,NA
"777",2020-04-03,"China","CHN",70,10,82465,3326,72,NA
"778",2020-04-03,"Colombia","COL",96,2,1161,19,4,NA
"779",2020-04-03,"Czech Republic","CZE",269,5,3858,44,5,NA
"780",2020-04-03,"Congo, the Democratic Republic of the","COD",0,0,123,11,1,NA
"781",2020-04-03,"Denmark","DNK",279,19,3386,123,12,NA
"782",2020-04-03,"Dominican Republic","DOM",96,3,1380,60,8,NA
"783",2020-04-03,"Ecuador","ECU",405,0,3163,120,11,NA
"784",2020-04-03,"Egypt","EGY",69,6,779,52,11,NA
"785",2020-04-03,"Estonia","EST",79,6,858,11,0,NA
"786",2020-04-03,"Finland","FIN",72,2,1518,19,4,NA
"787",2020-04-03,"France","FRA",2116,471,59105,4503,26,NA
"788",2020-04-03,"Germany","DEU",6174,145,79696,1017,18,NA
"789",2020-04-03,"Greece","GRC",139,3,1514,53,12,NA
"790",2020-04-03,"Honduras","HND",3,1,222,15,2,NA
"791",2020-04-03,"Hungary","HUN",38,5,623,26,9,NA
"792",2020-04-03,"India","IND",336,6,2301,56,8,NA
"793",2020-04-03,"Indonesia","IDN",113,13,1790,170,14,NA
"794",2020-04-03,"Iran, Islamic Republic of","IRN",2875,124,50468,3160,38,NA
"795",2020-04-03,"Iraq","IRQ",78,4,772,54,16,NA
"796",2020-04-03,"Ireland","IRL",402,13,3849,98,7,NA
"797",2020-04-03,"Israel","ISR",661,13,6252,34,6,NA
"798",2020-04-03,"Italy","ITA",4668,760,115242,13917,37,NA
"799",2020-04-03,"Japan","JPN",439,6,2617,63,23,NA
"800",2020-04-03,"Lebanon","LBN",15,4,494,16,4,NA
"801",2020-04-03,"Luxembourg","LUX",168,1,2487,30,6,NA
"802",2020-04-03,"Malaysia","MYS",208,5,3116,50,11,NA
"803",2020-04-03,"Mexico","MEX",132,13,1510,50,6,NA
"804",2020-04-03,"Morocco","MAR",54,5,708,44,7,NA
"805",2020-04-03,"Netherlands","NLD",1083,166,14697,1339,19,NA
"806",2020-04-03,"Macedonia, the former Yugoslav Republic of","MKD",0,1,354,11,1,NA
"807",2020-04-03,"Norway","NOR",270,10,4935,42,9,NA
"808",2020-04-03,"Pakistan","PAK",0,0,2291,31,5,NA
"809",2020-04-03,"Panama","PAN",158,5,1475,37,6,NA
"810",2020-04-03,"Peru","PER",91,8,1414,55,6,NA
"811",2020-04-03,"Philippines","PHL",322,11,2633,107,18,NA
"812",2020-04-03,"Poland","POL",392,14,2946,57,9,NA
"813",2020-04-03,"Portugal","PRT",783,22,9034,209,12,NA
"814",2020-04-03,"Puerto Rico","PRI",30,1,316,12,1,NA
"815",2020-04-03,"Romania","ROU",278,9,2738,94,9,NA
"816",2020-04-03,"Russian Federation","RUS",771,6,3548,30,3,NA
"817",2020-04-03,"San Marino","SMR",9,4,245,30,16,NA
"818",2020-04-03,"Saudi Arabia","SAU",165,5,1885,21,2,NA
"819",2020-04-03,"Serbia","SRB",111,8,1171,31,5,NA
"820",2020-04-03,"Slovenia","SVN",56,1,897,16,4,NA
"821",2020-04-03,"Korea, Republic of","KOR",86,5,10062,174,37,NA
"822",2020-04-03,"Spain","ESP",8102,950,110238,10003,24,NA
"823",2020-04-03,"Sweden","SWE",519,43,5466,282,15,NA
"824",2020-04-03,"Switzerland","CHE",1124,54,18194,432,19,NA
"825",2020-04-03,"Thailand","THA",104,3,1875,15,3,NA
"826",2020-04-03,"Tunisia","TUN",61,3,455,13,1,NA
"827",2020-04-03,"Turkey","TUR",2456,79,18135,356,12,NA
"828",2020-04-03,"Ukraine","UKR",10,0,804,20,3,NA
"829",2020-04-03,"United Kingdom","GBR",4244,389,33718,2921,21,NA
"830",2020-04-03,"USA","USA",28819,915,245540,6053,29,NA
"831",2020-04-04,"Albania","ALB",27,1,304,17,6,NA
"832",2020-04-04,"Algeria","DZA",139,25,986,83,14,NA
"833",2020-04-04,"Andorra","AND",11,1,439,16,3,NA
"834",2020-04-04,"Argentina","ARG",132,3,1265,37,8,NA
"835",2020-04-04,"Australia","AUS",324,7,5548,30,9,NA
"836",2020-04-04,"Austria","AUT",396,10,11525,168,12,NA
"837",2020-04-04,"Belgium","BEL",1422,132,16770,1143,16,NA
"838",2020-04-04,"Bolivia, Plurinational State of","BOL",7,1,139,10,0,NA
"839",2020-04-04,"Bosnia and Herzegovina","BIH",54,1,586,18,3,NA
"840",2020-04-04,"Brazil","BRA",1146,60,9056,359,14,NA
"841",2020-04-04,"Bulgaria","BGR",28,4,485,14,2,NA
"842",2020-04-04,"Burkina Faso","BFA",0,0,288,16,4,NA
"843",2020-04-04,"Canada","CAN",1251,49,12519,187,15,NA
"844",2020-04-04,"Chile","CHL",333,4,3737,22,3,NA
"845",2020-04-04,"China","CHN",62,4,82527,3330,73,NA
"846",2020-04-04,"Colombia","COL",106,6,1267,25,5,NA
"847",2020-04-04,"Cyprus","CYP",40,2,396,11,0,NA
"848",2020-04-04,"Czech Republic","CZE",332,9,4190,53,6,NA
"849",2020-04-04,"Congo, the Democratic Republic of the","COD",11,2,134,13,2,NA
"850",2020-04-04,"Denmark","DNK",371,16,3757,139,13,NA
"851",2020-04-04,"Dominican Republic","DOM",108,8,1488,68,9,NA
"852",2020-04-04,"Ecuador","ECU",205,25,3368,145,12,NA
"853",2020-04-04,"Egypt","EGY",0,0,779,52,12,NA
"854",2020-04-04,"Estonia","EST",103,1,961,12,1,NA
"855",2020-04-04,"Finland","FIN",97,1,1615,20,5,NA
"856",2020-04-04,"France","FRA",5233,2004,64338,6507,27,NA
"857",2020-04-04,"Germany","DEU",6082,141,85778,1158,19,NA
"858",2020-04-04,"Greece","GRC",99,6,1613,59,13,NA
"859",2020-04-04,"Honduras","HND",42,0,264,15,3,NA
"860",2020-04-04,"Hungary","HUN",55,6,678,32,10,NA
"861",2020-04-04,"India","IND",601,12,2902,68,9,NA
"862",2020-04-04,"Indonesia","IDN",196,11,1986,181,15,NA
"863",2020-04-04,"Iran, Islamic Republic of","IRN",0,0,50468,3160,39,NA
"864",2020-04-04,"Iraq","IRQ",0,0,772,54,17,NA
"865",2020-04-04,"Ireland","IRL",424,22,4273,120,8,NA
"866",2020-04-04,"Israel","ISR",1176,5,7428,39,7,NA
"867",2020-04-04,"Italy","ITA",4585,764,119827,14681,38,NA
"868",2020-04-04,"Japan","JPN",318,6,2935,69,24,NA
"869",2020-04-04,"Lebanon","LBN",0,0,494,16,5,NA
"870",2020-04-04,"Luxembourg","LUX",125,1,2612,31,7,NA
"871",2020-04-04,"Malaysia","MYS",217,3,3333,53,12,NA
"872",2020-04-04,"Mexico","MEX",178,10,1688,60,7,NA
"873",2020-04-04,"Morocco","MAR",0,0,708,44,8,NA
"874",2020-04-04,"Netherlands","NLD",1026,148,15723,1487,20,NA
"875",2020-04-04,"Macedonia, the former Yugoslav Republic of","MKD",76,1,430,12,2,NA
"876",2020-04-04,"Norway","NOR",273,2,5208,44,10,NA
"877",2020-04-04,"Pakistan","PAK",0,0,2291,31,6,NA
"878",2020-04-04,"Panama","PAN",198,4,1673,41,7,NA
"879",2020-04-04,"Peru","PER",181,6,1595,61,7,NA
"880",2020-04-04,"Philippines","PHL",385,29,3018,136,19,NA
"881",2020-04-04,"Poland","POL",437,14,3383,71,10,NA
"882",2020-04-04,"Portugal","PRT",852,37,9886,246,13,NA
"883",2020-04-04,"Puerto Rico","PRI",62,3,378,15,2,NA
"884",2020-04-04,"Romania","ROU",445,39,3183,133,10,NA
"885",2020-04-04,"Russian Federation","RUS",601,4,4149,34,4,NA
"886",2020-04-04,"San Marino","SMR",6,2,251,32,17,NA
"887",2020-04-04,"Saudi Arabia","SAU",0,0,1885,21,3,NA
"888",2020-04-04,"Serbia","SRB",305,8,1476,39,6,NA
"889",2020-04-04,"Slovenia","SVN",37,4,934,20,5,NA
"890",2020-04-04,"Korea, Republic of","KOR",94,3,10156,177,38,NA
"891",2020-04-04,"Spain","ESP",7472,932,117710,10935,25,NA
"892",2020-04-04,"Sweden","SWE",612,51,6078,333,16,NA
"893",2020-04-04,"Switzerland","CHE",1033,52,19227,484,20,NA
"894",2020-04-04,"Thailand","THA",103,4,1978,19,4,NA
"895",2020-04-04,"Tunisia","TUN",0,0,455,13,2,NA
"896",2020-04-04,"Turkey","TUR",2786,69,20921,425,13,NA
"897",2020-04-04,"Ukraine","UKR",183,3,987,23,4,NA
"898",2020-04-04,"United Kingdom","GBR",4450,684,38168,3605,22,NA
"899",2020-04-04,"USA","USA",32425,1104,277965,7157,30,NA
"900",2020-04-05,"Albania","ALB",29,2,333,19,7,NA
"901",2020-04-05,"Algeria","DZA",314,47,1300,130,15,NA
"902",2020-04-05,"Andorra","AND",27,1,466,17,4,NA
"903",2020-04-05,"Argentina","ARG",186,6,1451,43,9,NA
"904",2020-04-05,"Australia","AUS",139,4,5687,34,10,NA
"905",2020-04-05,"Austria","AUT",241,18,11766,186,13,NA
"906",2020-04-05,"Belgium","BEL",1661,140,18431,1283,17,NA
"907",2020-04-05,"Bolivia, Plurinational State of","BOL",18,0,157,10,1,NA
"908",2020-04-05,"Bosnia and Herzegovina","BIH",46,3,632,21,4,NA
"909",2020-04-05,"Brazil","BRA",1222,73,10278,432,15,NA
"910",2020-04-05,"Bulgaria","BGR",18,3,503,17,3,NA
"911",2020-04-05,"Burkina Faso","BFA",14,0,302,16,5,NA
"912",2020-04-05,"Canada","CAN",1363,44,13882,231,16,NA
"913",2020-04-05,"Chile","CHL",424,5,4161,27,4,NA
"914",2020-04-05,"China","CHN",48,3,82575,3333,74,NA
"915",2020-04-05,"Colombia","COL",139,7,1406,32,6,NA
"916",2020-04-05,"Croatia","HRV",47,4,1126,12,0,NA
"917",2020-04-05,"Cyprus","CYP",30,0,426,11,1,NA
"918",2020-04-05,"Czech Republic","CZE",282,6,4472,59,7,NA
"919",2020-04-05,"Congo, the Democratic Republic of the","COD",20,5,154,18,3,NA
"920",2020-04-05,"Denmark","DNK",320,22,4077,161,14,NA
"921",2020-04-05,"Dominican Republic","DOM",90,9,1578,77,10,NA
"922",2020-04-05,"Ecuador","ECU",97,27,3465,172,13,NA
"923",2020-04-05,"Egypt","EGY",206,14,985,66,13,NA
"924",2020-04-05,"Estonia","EST",57,1,1018,13,2,NA
"925",2020-04-05,"Finland","FIN",267,5,1882,25,6,NA
"926",2020-04-05,"France","FRA",4267,1053,68605,7560,28,NA
"927",2020-04-05,"Germany","DEU",5936,184,91714,1342,20,NA
"928",2020-04-05,"Greece","GRC",60,9,1673,68,14,NA
"929",2020-04-05,"Honduras","HND",4,7,268,22,4,NA
"930",2020-04-05,"Hungary","HUN",55,2,733,34,11,NA
"931",2020-04-05,"India","IND",472,9,3374,77,10,NA
"932",2020-04-05,"Indonesia","IDN",106,10,2092,191,16,NA
"933",2020-04-05,"Iran, Islamic Republic of","IRN",5275,292,55743,3452,40,NA
"934",2020-04-05,"Iraq","IRQ",106,2,878,56,18,NA
"935",2020-04-05,"Ireland","IRL",331,17,4604,137,9,NA
"936",2020-04-05,"Israel","ISR",590,7,8018,46,8,NA
"937",2020-04-05,"Italy","ITA",4805,681,124632,15362,39,NA
"938",2020-04-05,"Japan","JPN",336,1,3271,70,25,NA
"939",2020-04-05,"Lebanon","LBN",26,1,520,17,6,NA
"940",2020-04-05,"Luxembourg","LUX",117,0,2729,31,8,NA
"941",2020-04-05,"Malaysia","MYS",150,4,3483,57,13,NA
"942",2020-04-05,"Mexico","MEX",202,19,1890,79,8,NA
"943",2020-04-05,"Moldova, Republic of","MDA",161,4,752,12,0,NA
"944",2020-04-05,"Morocco","MAR",211,15,919,59,9,NA
"945",2020-04-05,"Netherlands","NLD",904,164,16627,1651,21,NA
"946",2020-04-05,"Macedonia, the former Yugoslav Republic of","MKD",53,5,483,17,3,NA
"947",2020-04-05,"Norway","NOR",302,6,5510,50,11,NA
"948",2020-04-05,"Pakistan","PAK",159,4,2450,35,7,NA
"949",2020-04-05,"Panama","PAN",128,5,1801,46,8,NA
"950",2020-04-05,"Peru","PER",151,12,1746,73,8,NA
"951",2020-04-05,"Philippines","PHL",76,8,3094,144,20,NA
"952",2020-04-05,"Poland","POL",244,8,3627,79,11,NA
"953",2020-04-05,"Portugal","PRT",638,20,10524,266,14,NA
"954",2020-04-05,"Puerto Rico","PRI",74,3,452,18,3,NA
"955",2020-04-05,"Romania","ROU",430,8,3613,141,11,NA
"956",2020-04-05,"Russian Federation","RUS",582,9,4731,43,5,NA
"957",2020-04-05,"San Marino","SMR",8,0,259,32,18,NA
"958",2020-04-05,"Saudi Arabia","SAU",294,8,2179,29,4,NA
"959",2020-04-05,"Serbia","SRB",148,5,1624,44,7,NA
"960",2020-04-05,"Slovenia","SVN",43,2,977,22,6,NA
"961",2020-04-05,"Korea, Republic of","KOR",81,6,10237,183,39,NA
"962",2020-04-05,"Spain","ESP",7026,809,124736,11744,26,NA
"963",2020-04-05,"Sweden","SWE",365,40,6443,373,17,NA
"964",2020-04-05,"Switzerland","CHE",974,56,20201,540,21,NA
"965",2020-04-05,"Thailand","THA",191,4,2169,23,5,NA
"966",2020-04-05,"Tunisia","TUN",40,5,495,18,3,NA
"967",2020-04-05,"Turkey","TUR",3013,76,23934,501,14,NA
"968",2020-04-05,"Ukraine","UKR",109,5,1096,28,5,NA
"969",2020-04-05,"United Arab Emirates","ARE",481,2,1505,10,0,NA
"970",2020-04-05,"United Kingdom","GBR",3735,708,41903,4313,23,NA
"971",2020-04-05,"USA","USA",34272,1344,312237,8501,31,NA
"972",2020-04-06,"Albania","ALB",28,2,361,21,8,NA
"973",2020-04-06,"Algeria","DZA",20,22,1320,152,16,NA
"974",2020-04-06,"Andorra","AND",35,1,501,18,5,NA
"975",2020-04-06,"Argentina","ARG",103,3,1554,46,10,NA
"976",2020-04-06,"Australia","AUS",57,2,5744,36,11,NA
"977",2020-04-06,"Austria","AUT",217,18,11983,204,14,NA
"978",2020-04-06,"Belgium","BEL",1260,164,19691,1447,18,NA
"979",2020-04-06,"Bolivia, Plurinational State of","BOL",26,1,183,11,2,NA
"980",2020-04-06,"Bosnia and Herzegovina","BIH",31,3,663,24,5,NA
"981",2020-04-06,"Brazil","BRA",852,54,11130,486,16,NA
"982",2020-04-06,"Bulgaria","BGR",28,3,531,20,4,NA
"983",2020-04-06,"Burkina Faso","BFA",43,1,345,17,6,NA
"984",2020-04-06,"Canada","CAN",1614,49,15496,280,17,NA
"985",2020-04-06,"Chile","CHL",310,7,4471,34,5,NA
"986",2020-04-06,"China","CHN",67,2,82642,3335,75,NA
"987",2020-04-06,"Colombia","COL",79,3,1485,35,7,NA
"988",2020-04-06,"Croatia","HRV",56,3,1182,15,1,NA
"989",2020-04-06,"Cyprus","CYP",20,3,446,14,2,NA
"990",2020-04-06,"Czech Republic","CZE",115,8,4587,67,8,NA
"991",2020-04-06,"Congo, the Democratic Republic of the","COD",0,0,154,18,4,NA
"992",2020-04-06,"Denmark","DNK",292,18,4369,179,15,NA
"993",2020-04-06,"Dominican Republic","DOM",167,5,1745,82,11,NA
"994",2020-04-06,"Ecuador","ECU",181,8,3646,180,14,NA
"995",2020-04-06,"Egypt","EGY",85,5,1070,71,14,NA
"996",2020-04-06,"Estonia","EST",79,2,1097,15,3,NA
"997",2020-04-06,"Finland","FIN",45,2,1927,27,7,NA
"998",2020-04-06,"France","FRA",1873,518,70478,8078,29,NA
"999",2020-04-06,"Germany","DEU",3677,92,95391,1434,21,NA
"1000",2020-04-06,"Greece","GRC",62,5,1735,73,15,NA
"1001",2020-04-06,"Honduras","HND",30,0,298,22,5,NA
"1002",2020-04-06,"Hungary","HUN",11,4,744,38,12,NA
"1003",2020-04-06,"India","IND",693,32,4067,109,11,NA
"1004",2020-04-06,"Indonesia","IDN",181,7,2273,198,17,NA
"1005",2020-04-06,"Iran, Islamic Republic of","IRN",2483,151,58226,3603,41,NA
"1006",2020-04-06,"Iraq","IRQ",83,5,961,61,19,NA
"1007",2020-04-06,"Ireland","IRL",507,21,5111,158,10,NA
"1008",2020-04-06,"Israel","ISR",412,3,8430,49,9,NA
"1009",2020-04-06,"Italy","ITA",4316,527,128948,15889,40,NA
"1010",2020-04-06,"Japan","JPN",383,3,3654,73,26,NA
"1011",2020-04-06,"Lebanon","LBN",7,1,527,18,7,NA
"1012",2020-04-06,"Lithuania","LTU",40,4,811,13,0,NA
"1013",2020-04-06,"Luxembourg","LUX",75,5,2804,36,9,NA
"1014",2020-04-06,"Malaysia","MYS",179,4,3662,61,14,NA
"1015",2020-04-06,"Mexico","MEX",253,15,2143,94,9,NA
"1016",2020-04-06,"Moldova, Republic of","MDA",112,3,864,15,1,NA
"1017",2020-04-06,"Morocco","MAR",102,11,1021,70,10,NA
"1018",2020-04-06,"Netherlands","NLD",1224,115,17851,1766,22,NA
"1019",2020-04-06,"Niger","NER",64,5,184,10,0,NA
"1020",2020-04-06,"Macedonia, the former Yugoslav Republic of","MKD",0,0,483,17,4,NA
"1021",2020-04-06,"Norway","NOR",130,8,5640,58,12,NA
"1022",2020-04-06,"Pakistan","PAK",827,15,3277,50,8,NA
"1023",2020-04-06,"Panama","PAN",187,8,1988,54,9,NA
"1024",2020-04-06,"Peru","PER",535,10,2281,83,9,NA
"1025",2020-04-06,"Philippines","PHL",152,8,3246,152,21,NA
"1026",2020-04-06,"Poland","POL",475,15,4102,94,12,NA
"1027",2020-04-06,"Portugal","PRT",754,29,11278,295,15,NA
"1028",2020-04-06,"Puerto Rico","PRI",23,2,475,20,4,NA
"1029",2020-04-06,"Romania","ROU",251,7,3864,148,12,NA
"1030",2020-04-06,"Russian Federation","RUS",658,2,5389,45,6,NA
"1031",2020-04-06,"San Marino","SMR",7,0,266,32,19,NA
"1032",2020-04-06,"Saudi Arabia","SAU",206,5,2385,34,5,NA
"1033",2020-04-06,"Serbia","SRB",284,7,1908,51,8,NA
"1034",2020-04-06,"Slovenia","SVN",20,6,997,28,7,NA
"1035",2020-04-06,"South Africa","ZAF",70,2,1655,11,0,NA
"1036",2020-04-06,"Korea, Republic of","KOR",47,3,10284,186,40,NA
"1037",2020-04-06,"Spain","ESP",6023,674,130759,12418,27,NA
"1038",2020-04-06,"Sweden","SWE",387,28,6830,401,18,NA
"1039",2020-04-06,"Switzerland","CHE",821,19,21022,559,22,NA
"1040",2020-04-06,"Thailand","THA",51,3,2220,26,6,NA
"1041",2020-04-06,"Tunisia","TUN",58,1,553,19,4,NA
"1042",2020-04-06,"Turkey","TUR",3135,73,27069,574,15,NA
"1043",2020-04-06,"Ukraine","UKR",155,4,1251,32,6,NA
"1044",2020-04-06,"United Arab Emirates","ARE",294,0,1799,10,1,NA
"1045",2020-04-06,"United Kingdom","GBR",5903,621,47806,4934,24,NA
"1046",2020-04-06,"USA","USA",25398,1146,337635,9647,32,NA
"1047",2020-04-07,"Albania","ALB",16,1,377,22,9,NA
"1048",2020-04-07,"Algeria","DZA",103,21,1423,173,17,NA
"1049",2020-04-07,"Andorra","AND",25,3,526,21,6,NA
"1050",2020-04-07,"Argentina","ARG",74,7,1628,53,11,NA
"1051",2020-04-07,"Australia","AUS",100,6,5844,42,12,NA
"1052",2020-04-07,"Austria","AUT",314,16,12297,220,15,NA
"1053",2020-04-07,"Bangladesh","BGD",35,3,123,12,0,NA
"1054",2020-04-07,"Belarus","BLR",136,5,700,13,0,NA
"1055",2020-04-07,"Belgium","BEL",1123,185,20814,1632,19,NA
"1056",2020-04-07,"Bolivia, Plurinational State of","BOL",11,3,194,14,3,NA
"1057",2020-04-07,"Bosnia and Herzegovina","BIH",32,4,695,28,6,NA
"1058",2020-04-07,"Brazil","BRA",926,67,12056,553,17,NA
"1059",2020-04-07,"Bulgaria","BGR",18,2,549,22,5,NA
"1060",2020-04-07,"Burkina Faso","BFA",19,0,364,17,7,NA
"1061",2020-04-07,"Canada","CAN",1157,43,16653,323,18,NA
"1062",2020-04-07,"Chile","CHL",344,3,4815,37,6,NA
"1063",2020-04-07,"China","CHN",56,0,82698,3335,76,NA
"1064",2020-04-07,"Colombia","COL",94,11,1579,46,8,NA
"1065",2020-04-07,"Croatia","HRV",40,1,1222,16,2,NA
"1066",2020-04-07,"Cyprus","CYP",19,0,465,14,3,NA
"1067",2020-04-07,"Czech Republic","CZE",235,11,4822,78,9,NA
"1068",2020-04-07,"Congo, the Democratic Republic of the","COD",7,0,161,18,5,NA
"1069",2020-04-07,"Denmark","DNK",312,8,4681,187,16,NA
"1070",2020-04-07,"Dominican Republic","DOM",83,4,1828,86,12,NA
"1071",2020-04-07,"Ecuador","ECU",101,11,3747,191,15,NA
"1072",2020-04-07,"Egypt","EGY",3,7,1073,78,15,NA
"1073",2020-04-07,"Estonia","EST",11,4,1108,19,4,NA
"1074",2020-04-07,"Finland","FIN",249,0,2176,27,8,NA
"1075",2020-04-07,"France","FRA",3912,833,74390,8911,30,NA
"1076",2020-04-07,"Germany","DEU",3834,173,99225,1607,22,NA
"1077",2020-04-07,"Greece","GRC",20,6,1755,79,16,NA
"1078",2020-04-07,"Honduras","HND",7,0,305,22,6,NA
"1079",2020-04-07,"Hungary","HUN",73,9,817,47,13,NA
"1080",2020-04-07,"India","IND",354,5,4421,114,12,NA
"1081",2020-04-07,"Indonesia","IDN",218,11,2491,209,18,NA
"1082",2020-04-07,"Iran, Islamic Republic of","IRN",2274,136,60500,3739,42,NA
"1083",2020-04-07,"Iraq","IRQ",70,3,1031,64,20,NA
"1084",2020-04-07,"Ireland","IRL",253,16,5364,174,11,NA
"1085",2020-04-07,"Israel","ISR",474,8,8904,57,10,NA
"1086",2020-04-07,"Italy","ITA",3599,636,132547,16525,41,NA
"1087",2020-04-07,"Japan","JPN",163,7,3817,80,27,NA
"1088",2020-04-07,"Lebanon","LBN",14,1,541,19,8,NA
"1089",2020-04-07,"Lithuania","LTU",32,1,843,14,1,NA
"1090",2020-04-07,"Luxembourg","LUX",39,5,2843,41,10,NA
"1091",2020-04-07,"Malaysia","MYS",131,1,3793,62,15,NA
"1092",2020-04-07,"Mexico","MEX",296,31,2439,125,10,NA
"1093",2020-04-07,"Moldova, Republic of","MDA",101,4,965,19,2,NA
"1094",2020-04-07,"Morocco","MAR",99,10,1120,80,11,NA
"1095",2020-04-07,"Netherlands","NLD",952,101,18803,1867,23,NA
"1096",2020-04-07,"Niger","NER",69,0,253,10,1,NA
"1097",2020-04-07,"Macedonia, the former Yugoslav Republic of","MKD",87,4,570,21,5,NA
"1098",2020-04-07,"Norway","NOR",115,1,5755,59,13,NA
"1099",2020-04-07,"Pakistan","PAK",587,4,3864,54,9,NA
"1100",2020-04-07,"Panama","PAN",112,1,2100,55,10,NA
"1101",2020-04-07,"Peru","PER",280,9,2561,92,10,NA
"1102",2020-04-07,"Philippines","PHL",414,11,3660,163,22,NA
"1103",2020-04-07,"Poland","POL",311,13,4413,107,13,NA
"1104",2020-04-07,"Portugal","PRT",452,16,11730,311,16,NA
"1105",2020-04-07,"Puerto Rico","PRI",38,1,513,21,5,NA
"1106",2020-04-07,"Romania","ROU",193,9,4057,157,13,NA
"1107",2020-04-07,"Russian Federation","RUS",954,2,6343,47,7,NA
"1108",2020-04-07,"San Marino","SMR",11,0,277,32,20,NA
"1109",2020-04-07,"Saudi Arabia","SAU",138,4,2523,38,6,NA
"1110",2020-04-07,"Serbia","SRB",292,7,2200,58,9,NA
"1111",2020-04-07,"Slovenia","SVN",24,2,1021,30,8,NA
"1112",2020-04-07,"South Africa","ZAF",31,1,1686,12,1,NA
"1113",2020-04-07,"Korea, Republic of","KOR",47,6,10331,192,41,NA
"1114",2020-04-07,"Spain","ESP",4273,637,135032,13055,28,NA
"1115",2020-04-07,"Sweden","SWE",376,76,7206,477,19,NA
"1116",2020-04-07,"Switzerland","CHE",552,25,21574,584,23,NA
"1117",2020-04-07,"Thailand","THA",38,0,2258,26,7,NA
"1118",2020-04-07,"Tunisia","TUN",21,3,574,22,5,NA
"1119",2020-04-07,"Turkey","TUR",3148,75,30217,649,16,NA
"1120",2020-04-07,"Ukraine","UKR",68,6,1319,38,7,NA
"1121",2020-04-07,"United Arab Emirates","ARE",277,1,2076,11,2,NA
"1122",2020-04-07,"United Kingdom","GBR",3802,439,51608,5373,25,NA
"1123",2020-04-07,"USA","USA",30561,1342,368196,10989,33,NA
"1124",2020-04-08,"Afghanistan","AFG",30,4,367,11,0,NA
"1125",2020-04-08,"Albania","ALB",6,0,383,22,10,NA
"1126",2020-04-08,"Algeria","DZA",45,21,1468,194,18,NA
"1127",2020-04-08,"Andorra","AND",19,1,545,22,7,NA
"1128",2020-04-08,"Argentina","ARG",87,7,1715,60,12,NA
"1129",2020-04-08,"Australia","AUS",112,3,5956,45,13,NA
"1130",2020-04-08,"Austria","AUT",343,23,12640,243,16,NA
"1131",2020-04-08,"Bangladesh","BGD",41,5,164,17,1,NA
"1132",2020-04-08,"Belarus","BLR",161,0,861,13,1,NA
"1133",2020-04-08,"Belgium","BEL",1380,403,22194,2035,20,NA
"1134",2020-04-08,"Bolivia, Plurinational State of","BOL",16,1,210,15,4,NA
"1135",2020-04-08,"Bosnia and Herzegovina","BIH",86,4,781,32,7,NA
"1136",2020-04-08,"Brazil","BRA",1661,114,13717,667,18,NA
"1137",2020-04-08,"Bulgaria","BGR",28,1,577,23,6,NA
"1138",2020-04-08,"Burkina Faso","BFA",20,2,384,19,8,NA
"1139",2020-04-08,"Canada","CAN",1230,57,17883,380,19,NA
"1140",2020-04-08,"Chile","CHL",301,6,5116,43,7,NA
"1141",2020-04-08,"China","CHN",86,2,82784,3337,77,NA
"1142",2020-04-08,"Colombia","COL",201,4,1780,50,9,NA
"1143",2020-04-08,"Croatia","HRV",60,2,1282,18,3,NA
"1144",2020-04-08,"Cuba","CUB",46,2,396,11,0,NA
"1145",2020-04-08,"Cyprus","CYP",29,0,494,14,4,NA
"1146",2020-04-08,"Czech Republic","CZE",195,10,5017,88,10,NA
"1147",2020-04-08,"Congo, the Democratic Republic of the","COD",19,0,180,18,6,NA
"1148",2020-04-08,"Denmark","DNK",390,16,5071,203,17,NA
"1149",2020-04-08,"Dominican Republic","DOM",128,12,1956,98,13,NA
"1150",2020-04-08,"Ecuador","ECU",248,29,3995,220,16,NA
"1151",2020-04-08,"Egypt","EGY",249,7,1322,85,16,NA
"1152",2020-04-08,"Estonia","EST",41,2,1149,21,5,NA
"1153",2020-04-08,"Finland","FIN",132,7,2308,34,9,NA
"1154",2020-04-08,"France","FRA",3777,1417,78167,10328,31,NA
"1155",2020-04-08,"Germany","DEU",4003,254,103228,1861,23,NA
"1156",2020-04-08,"Greece","GRC",77,2,1832,81,17,NA
"1157",2020-04-08,"Honduras","HND",7,0,312,22,7,NA
"1158",2020-04-08,"Hungary","HUN",78,11,895,58,14,NA
"1159",2020-04-08,"India","IND",773,35,5194,149,13,NA
"1160",2020-04-08,"Indonesia","IDN",247,12,2738,221,19,NA
"1161",2020-04-08,"Iran, Islamic Republic of","IRN",2089,133,62589,3872,43,NA
"1162",2020-04-08,"Iraq","IRQ",0,0,1031,64,21,NA
"1163",2020-04-08,"Ireland","IRL",345,36,5709,210,12,NA
"1164",2020-04-08,"Israel","ISR",344,8,9248,65,11,NA
"1165",2020-04-08,"Italy","ITA",3039,604,135586,17129,42,NA
"1166",2020-04-08,"Japan","JPN",89,0,3906,80,28,NA
"1167",2020-04-08,"Lebanon","LBN",7,0,548,19,9,NA
"1168",2020-04-08,"Lithuania","LTU",37,1,880,15,2,NA
"1169",2020-04-08,"Luxembourg","LUX",127,3,2970,44,11,NA
"1170",2020-04-08,"Malaysia","MYS",170,1,3963,63,16,NA
"1171",2020-04-08,"Mexico","MEX",346,16,2785,141,11,NA
"1172",2020-04-08,"Moldova, Republic of","MDA",91,3,1056,22,3,NA
"1173",2020-04-08,"Morocco","MAR",64,10,1184,90,12,NA
"1174",2020-04-08,"Netherlands","NLD",777,234,19580,2101,24,NA
"1175",2020-04-08,"Niger","NER",25,1,278,11,2,NA
"1176",2020-04-08,"Macedonia, the former Yugoslav Republic of","MKD",29,5,599,26,6,NA
"1177",2020-04-08,"Norway","NOR",108,10,5863,69,14,NA
"1178",2020-04-08,"Pakistan","PAK",208,4,4072,58,10,NA
"1179",2020-04-08,"Panama","PAN",149,4,2249,59,11,NA
"1180",2020-04-08,"Peru","PER",393,15,2954,107,11,NA
"1181",2020-04-08,"Philippines","PHL",104,14,3764,177,23,NA
"1182",2020-04-08,"Poland","POL",435,22,4848,129,14,NA
"1183",2020-04-08,"Portugal","PRT",712,34,12442,345,17,NA
"1184",2020-04-08,"Puerto Rico","PRI",60,2,573,23,6,NA
"1185",2020-04-08,"Romania","ROU",360,25,4417,182,14,NA
"1186",2020-04-08,"Russian Federation","RUS",1154,11,7497,58,8,NA
"1187",2020-04-08,"San Marino","SMR",2,2,279,34,21,NA
"1188",2020-04-08,"Saudi Arabia","SAU",272,3,2795,41,7,NA
"1189",2020-04-08,"Serbia","SRB",247,3,2447,61,10,NA
"1190",2020-04-08,"Slovenia","SVN",34,6,1055,36,9,NA
"1191",2020-04-08,"South Africa","ZAF",63,1,1749,13,2,NA
"1192",2020-04-08,"Korea, Republic of","KOR",53,8,10384,200,42,NA
"1193",2020-04-08,"Spain","ESP",5478,743,140510,13798,29,NA
"1194",2020-04-08,"Sweden","SWE",487,114,7693,591,20,NA
"1195",2020-04-08,"Switzerland","CHE",590,57,22164,641,24,NA
"1196",2020-04-08,"Thailand","THA",111,4,2369,30,8,NA
"1197",2020-04-08,"Tunisia","TUN",22,0,596,22,6,NA
"1198",2020-04-08,"Turkey","TUR",3892,76,34109,725,17,NA
"1199",2020-04-08,"Ukraine","UKR",143,7,1462,45,8,NA
"1200",2020-04-08,"United Arab Emirates","ARE",283,1,2359,12,3,NA
"1201",2020-04-08,"United Kingdom","GBR",3634,786,55242,6159,26,NA
"1202",2020-04-08,"USA","USA",30613,1906,398809,12895,34,NA
"1203",2020-04-09,"Afghanistan","AFG",56,3,423,14,1,NA
"1204",2020-04-09,"Albania","ALB",17,0,400,22,11,NA
"1205",2020-04-09,"Algeria","DZA",104,11,1572,205,19,NA
"1206",2020-04-09,"Andorra","AND",19,1,564,23,8,NA
"1207",2020-04-09,"Argentina","ARG",80,5,1795,65,13,NA
"1208",2020-04-09,"Australia","AUS",96,5,6052,50,14,NA
"1209",2020-04-09,"Austria","AUT",329,30,12969,273,17,NA
"1210",2020-04-09,"Bangladesh","BGD",54,3,218,20,2,NA
"1211",2020-04-09,"Belarus","BLR",205,0,1066,13,2,NA
"1212",2020-04-09,"Belgium","BEL",1209,205,23403,2240,21,NA
"1213",2020-04-09,"Bolivia, Plurinational State of","BOL",54,3,264,18,5,NA
"1214",2020-04-09,"Bosnia and Herzegovina","BIH",35,3,816,35,8,NA
"1215",2020-04-09,"Brazil","BRA",2210,133,15927,800,19,NA
"1216",2020-04-09,"Bulgaria","BGR",16,1,593,24,7,NA
"1217",2020-04-09,"Burkina Faso","BFA",30,4,414,23,9,NA
"1218",2020-04-09,"Cameroon","CMR",45,1,730,10,0,NA
"1219",2020-04-09,"Canada","CAN",1391,55,19274,435,20,NA
"1220",2020-04-09,"Chile","CHL",430,5,5546,48,8,NA
"1221",2020-04-09,"China","CHN",86,2,82870,3339,78,NA
"1222",2020-04-09,"Colombia","COL",274,5,2054,55,10,NA
"1223",2020-04-09,"Croatia","HRV",61,1,1343,19,4,NA
"1224",2020-04-09,"Cuba","CUB",61,1,457,12,1,NA
"1225",2020-04-09,"Cyprus","CYP",32,0,526,14,5,NA
"1226",2020-04-09,"Czech Republic","CZE",295,11,5312,99,11,NA
"1227",2020-04-09,"Congo, the Democratic Republic of the","COD",3,2,183,20,7,NA
"1228",2020-04-09,"Denmark","DNK",331,15,5402,218,18,NA
"1229",2020-04-09,"Dominican Republic","DOM",155,10,2111,108,14,NA
"1230",2020-04-09,"Ecuador","ECU",455,22,4450,242,17,NA
"1231",2020-04-09,"Egypt","EGY",238,18,1560,103,17,NA
"1232",2020-04-09,"Estonia","EST",36,3,1185,24,6,NA
"1233",2020-04-09,"Finland","FIN",179,6,2487,40,10,NA
"1234",2020-04-09,"France","FRA",3881,541,82048,10869,32,NA
"1235",2020-04-09,"Germany","DEU",4974,246,108202,2107,24,NA
"1236",2020-04-09,"Greece","GRC",52,2,1884,83,18,NA
"1237",2020-04-09,"Honduras","HND",31,1,343,23,8,NA
"1238",2020-04-09,"Hungary","HUN",85,8,980,66,15,NA
"1239",2020-04-09,"India","IND",540,17,5734,166,14,NA
"1240",2020-04-09,"Indonesia","IDN",218,19,2956,240,20,NA
"1241",2020-04-09,"Iran, Islamic Republic of","IRN",1997,121,64586,3993,44,NA
"1242",2020-04-09,"Iraq","IRQ",171,5,1202,69,22,NA
"1243",2020-04-09,"Ireland","IRL",515,25,6224,235,13,NA
"1244",2020-04-09,"Israel","ISR",156,6,9404,71,12,NA
"1245",2020-04-09,"Italy","ITA",3836,540,139422,17669,43,NA
"1246",2020-04-09,"Japan","JPN",351,1,4257,81,29,NA
"1247",2020-04-09,"Lebanon","LBN",27,0,575,19,10,NA
"1248",2020-04-09,"Lithuania","LTU",32,0,912,15,3,NA
"1249",2020-04-09,"Luxembourg","LUX",64,2,3034,46,12,NA
"1250",2020-04-09,"Malaysia","MYS",156,2,4119,65,17,NA
"1251",2020-04-09,"Mexico","MEX",396,33,3181,174,12,NA
"1252",2020-04-09,"Moldova, Republic of","MDA",118,5,1174,27,4,NA
"1253",2020-04-09,"Morocco","MAR",91,3,1275,93,13,NA
"1254",2020-04-09,"Netherlands","NLD",969,147,20549,2248,25,NA
"1255",2020-04-09,"Niger","NER",64,0,342,11,3,NA
"1256",2020-04-09,"Macedonia, the former Yugoslav Republic of","MKD",18,4,617,30,7,NA
"1257",2020-04-09,"Norway","NOR",147,11,6010,80,15,NA
"1258",2020-04-09,"Pakistan","PAK",250,5,4322,63,11,NA
"1259",2020-04-09,"Panama","PAN",279,4,2528,63,12,NA
"1260",2020-04-09,"Peru","PER",1388,14,4342,121,12,NA
"1261",2020-04-09,"Philippines","PHL",106,5,3870,182,24,NA
"1262",2020-04-09,"Poland","POL",357,30,5205,159,15,NA
"1263",2020-04-09,"Portugal","PRT",699,35,13141,380,18,NA
"1264",2020-04-09,"Puerto Rico","PRI",47,1,620,24,7,NA
"1265",2020-04-09,"Romania","ROU",344,27,4761,209,15,NA
"1266",2020-04-09,"Russian Federation","RUS",1175,5,8672,63,9,NA
"1267",2020-04-09,"San Marino","SMR",29,0,308,34,22,NA
"1268",2020-04-09,"Saudi Arabia","SAU",137,0,2932,41,8,NA
"1269",2020-04-09,"Serbia","SRB",219,4,2666,65,11,NA
"1270",2020-04-09,"Slovenia","SVN",36,4,1091,40,10,NA
"1271",2020-04-09,"South Africa","ZAF",96,5,1845,18,3,NA
"1272",2020-04-09,"Korea, Republic of","KOR",39,4,10423,204,43,NA
"1273",2020-04-09,"Spain","ESP",6180,757,146690,14555,30,NA
"1274",2020-04-09,"Sweden","SWE",726,96,8419,687,21,NA
"1275",2020-04-09,"Switzerland","CHE",546,64,22710,705,25,NA
"1276",2020-04-09,"Thailand","THA",54,2,2423,32,9,NA
"1277",2020-04-09,"Tunisia","TUN",27,1,623,23,7,NA
"1278",2020-04-09,"Turkey","TUR",4117,87,38226,812,18,NA
"1279",2020-04-09,"Ukraine","UKR",206,7,1668,52,9,NA
"1280",2020-04-09,"United Arab Emirates","ARE",300,0,2659,12,4,NA
"1281",2020-04-09,"United Kingdom","GBR",5491,938,60733,7097,27,NA
"1282",2020-04-09,"USA","USA",33323,1922,432132,14817,35,NA
"1283",2020-04-10,"Afghanistan","AFG",61,1,484,15,2,NA
"1284",2020-04-10,"Albania","ALB",9,1,409,23,12,NA
"1285",2020-04-10,"Algeria","DZA",94,30,1666,235,20,NA
"1286",2020-04-10,"Andorra","AND",19,2,583,25,9,NA
"1287",2020-04-10,"Argentina","ARG",99,14,1894,79,14,NA
"1288",2020-04-10,"Armenia","ARM",40,1,921,10,0,NA
"1289",2020-04-10,"Australia","AUS",100,2,6152,52,15,NA
"1290",2020-04-10,"Austria","AUT",279,22,13248,295,18,NA
"1291",2020-04-10,"Bangladesh","BGD",112,1,330,21,3,NA
"1292",2020-04-10,"Belarus","BLR",420,3,1486,16,3,NA
"1293",2020-04-10,"Belgium","BEL",1580,283,24983,2523,22,NA
"1294",2020-04-10,"Bolivia, Plurinational State of","BOL",4,1,268,19,6,NA
"1295",2020-04-10,"Bosnia and Herzegovina","BIH",59,1,875,36,9,NA
"1296",2020-04-10,"Brazil","BRA",1930,141,17857,941,20,NA
"1297",2020-04-10,"Bulgaria","BGR",31,0,624,24,8,NA
"1298",2020-04-10,"Burkina Faso","BFA",29,1,443,24,10,NA
"1299",2020-04-10,"Cameroon","CMR",0,0,730,10,1,NA
"1300",2020-04-10,"Canada","CAN",1474,74,20748,509,21,NA
"1301",2020-04-10,"Chile","CHL",426,9,5972,57,9,NA
"1302",2020-04-10,"China","CHN",55,1,82925,3340,79,NA
"1303",2020-04-10,"Colombia","COL",169,14,2223,69,11,NA
"1304",2020-04-10,"Croatia","HRV",64,1,1407,20,5,NA
"1305",2020-04-10,"Cuba","CUB",58,3,515,15,2,NA
"1306",2020-04-10,"Cyprus","CYP",38,1,564,15,6,NA
"1307",2020-04-10,"Czech Republic","CZE",257,13,5569,112,12,NA
"1308",2020-04-10,"Congo, the Democratic Republic of the","COD",32,0,215,20,8,NA
"1309",2020-04-10,"Denmark","DNK",233,19,5635,237,19,NA
"1310",2020-04-10,"Dominican Republic","DOM",238,10,2349,118,15,NA
"1311",2020-04-10,"Ecuador","ECU",515,30,4965,272,18,NA
"1312",2020-04-10,"Egypt","EGY",139,15,1699,118,18,NA
"1313",2020-04-10,"Estonia","EST",22,0,1207,24,7,NA
"1314",2020-04-10,"Finland","FIN",118,2,2605,42,11,NA
"1315",2020-04-10,"France","FRA",4286,1341,86334,12210,33,NA
"1316",2020-04-10,"Germany","DEU",5323,266,113525,2373,25,NA
"1317",2020-04-10,"Greece","GRC",71,3,1955,86,19,NA
"1318",2020-04-10,"Honduras","HND",39,0,382,23,9,NA
"1319",2020-04-10,"Hungary","HUN",210,11,1190,77,16,NA
"1320",2020-04-10,"India","IND",678,33,6412,199,15,NA
"1321",2020-04-10,"Indonesia","IDN",337,40,3293,280,21,NA
"1322",2020-04-10,"Iran, Islamic Republic of","IRN",1634,117,66220,4110,45,NA
"1323",2020-04-10,"Iraq","IRQ",30,0,1232,69,23,NA
"1324",2020-04-10,"Ireland","IRL",1169,28,7393,263,14,NA
"1325",2020-04-10,"Israel","ISR",564,15,9968,86,13,NA
"1326",2020-04-10,"Italy","ITA",4204,612,143626,18281,44,NA
"1327",2020-04-10,"Japan","JPN",410,4,4667,85,30,NA
"1328",2020-04-10,"Lebanon","LBN",7,0,582,19,11,NA
"1329",2020-04-10,"Lithuania","LTU",43,0,955,15,4,NA
"1330",2020-04-10,"Luxembourg","LUX",81,6,3115,52,13,NA
"1331",2020-04-10,"Malaysia","MYS",109,2,4228,67,18,NA
"1332",2020-04-10,"Mexico","MEX",260,20,3441,194,13,NA
"1333",2020-04-10,"Moldova, Republic of","MDA",115,2,1289,29,5,NA
"1334",2020-04-10,"Morocco","MAR",99,4,1374,97,14,NA
"1335",2020-04-10,"Netherlands","NLD",1213,148,21762,2396,26,NA
"1336",2020-04-10,"Niger","NER",68,0,410,11,4,NA
"1337",2020-04-10,"Macedonia, the former Yugoslav Republic of","MKD",46,2,663,32,8,NA
"1338",2020-04-10,"Norway","NOR",150,8,6160,88,16,NA
"1339",2020-04-10,"Pakistan","PAK",279,3,4601,66,12,NA
"1340",2020-04-10,"Panama","PAN",224,3,2752,66,13,NA
"1341",2020-04-10,"Peru","PER",914,17,5256,138,13,NA
"1342",2020-04-10,"Philippines","PHL",206,21,4076,203,25,NA
"1343",2020-04-10,"Poland","POL",370,15,5575,174,16,NA
"1344",2020-04-10,"Portugal","PRT",815,29,13956,409,19,NA
"1345",2020-04-10,"Puerto Rico","PRI",63,9,683,33,8,NA
"1346",2020-04-10,"Romania","ROU",441,20,5202,229,16,NA
"1347",2020-04-10,"Russian Federation","RUS",1459,13,10131,76,10,NA
"1348",2020-04-10,"San Marino","SMR",25,0,333,34,23,NA
"1349",2020-04-10,"Saudi Arabia","SAU",355,3,3287,44,9,NA
"1350",2020-04-10,"Serbia","SRB",201,1,2867,66,12,NA
"1351",2020-04-10,"Slovenia","SVN",33,3,1124,43,11,NA
"1352",2020-04-10,"South Africa","ZAF",89,0,1934,18,4,NA
"1353",2020-04-10,"Korea, Republic of","KOR",27,4,10450,208,44,NA
"1354",2020-04-10,"Spain","ESP",5756,683,152446,15238,31,NA
"1355",2020-04-10,"Sweden","SWE",722,106,9141,793,22,NA
"1356",2020-04-10,"Switzerland","CHE",785,51,23495,756,26,NA
"1357",2020-04-10,"Thailand","THA",50,1,2473,33,10,NA
"1358",2020-04-10,"Tunisia","TUN",20,2,643,25,8,NA
"1359",2020-04-10,"Turkey","TUR",4056,96,42282,908,19,NA
"1360",2020-04-10,"Ukraine","UKR",224,5,1892,57,10,NA
"1361",2020-04-10,"United Arab Emirates","ARE",331,2,2990,14,5,NA
"1362",2020-04-10,"United Kingdom","GBR",4344,881,65077,7978,28,NA
"1363",2020-04-10,"USA","USA",33901,1873,466033,16690,36,NA
"1364",2020-04-11,"Afghanistan","AFG",37,0,521,15,3,NA
"1365",2020-04-11,"Albania","ALB",7,0,416,23,13,NA
"1366",2020-04-11,"Algeria","DZA",95,21,1761,256,21,NA
"1367",2020-04-11,"Andorra","AND",18,1,601,26,10,NA
"1368",2020-04-11,"Argentina","ARG",81,3,1975,82,15,NA
"1369",2020-04-11,"Armenia","ARM",16,1,937,11,1,NA
"1370",2020-04-11,"Australia","AUS",86,2,6238,54,16,NA
"1371",2020-04-11,"Austria","AUT",312,24,13560,319,19,NA
"1372",2020-04-11,"Azerbaijan","AZE",65,1,991,10,0,NA
"1373",2020-04-11,"Bangladesh","BGD",94,6,424,27,4,NA
"1374",2020-04-11,"Belarus","BLR",495,3,1981,19,4,NA
"1375",2020-04-11,"Belgium","BEL",1684,496,26667,3019,23,NA
"1376",2020-04-11,"Bolivia, Plurinational State of","BOL",8,1,276,20,7,NA
"1377",2020-04-11,"Bosnia and Herzegovina","BIH",26,1,901,37,10,NA
"1378",2020-04-11,"Brazil","BRA",1781,115,19638,1056,21,NA
"1379",2020-04-11,"Bulgaria","BGR",11,1,635,25,9,NA
"1380",2020-04-11,"Burkina Faso","BFA",5,2,448,26,11,NA
"1381",2020-04-11,"Cameroon","CMR",73,0,803,10,2,NA
"1382",2020-04-11,"Canada","CAN",1385,60,22133,569,22,NA
"1383",2020-04-11,"Chile","CHL",529,8,6501,65,10,NA
"1384",2020-04-11,"China","CHN",79,3,83004,3343,80,NA
"1385",2020-04-11,"Colombia","COL",250,11,2473,80,12,NA
"1386",2020-04-11,"Croatia","HRV",88,1,1495,21,6,NA
"1387",2020-04-11,"Cuba","CUB",49,0,564,15,3,NA
"1388",2020-04-11,"Cyprus","CYP",31,0,595,15,7,NA
"1389",2020-04-11,"Czech Republic","CZE",163,7,5732,119,13,NA
"1390",2020-04-11,"Congo, the Democratic Republic of the","COD",8,0,223,20,9,NA
"1391",2020-04-11,"Denmark","DNK",184,10,5819,247,20,NA
"1392",2020-04-11,"Dominican Republic","DOM",271,8,2620,126,16,NA
"1393",2020-04-11,"Ecuador","ECU",2196,25,7161,297,19,NA
"1394",2020-04-11,"Egypt","EGY",95,17,1794,135,19,NA
"1395",2020-04-11,"Estonia","EST",51,0,1258,24,8,NA
"1396",2020-04-11,"Finland","FIN",164,6,2769,48,12,NA
"1397",2020-04-11,"France","FRA",4342,987,90676,13197,34,NA
"1398",2020-04-11,"Germany","DEU",4133,171,117658,2544,26,NA
"1399",2020-04-11,"Greece","GRC",56,4,2011,90,20,NA
"1400",2020-04-11,"Honduras","HND",10,1,392,24,10,NA
"1401",2020-04-11,"Hungary","HUN",120,8,1310,85,17,NA
"1402",2020-04-11,"India","IND",1035,40,7447,239,16,NA
"1403",2020-04-11,"Indonesia","IDN",219,26,3512,306,22,NA
"1404",2020-04-11,"Iran, Islamic Republic of","IRN",1972,122,68192,4232,46,NA
"1405",2020-04-11,"Iraq","IRQ",47,1,1279,70,24,NA
"1406",2020-04-11,"Ireland","IRL",696,24,8089,287,15,NA
"1407",2020-04-11,"Israel","ISR",440,9,10408,95,14,NA
"1408",2020-04-11,"Italy","ITA",3951,570,147577,18851,45,NA
"1409",2020-04-11,"Japan","JPN",680,3,5347,88,31,NA
"1410",2020-04-11,"Kazakhstan","KAZ",38,1,840,10,0,NA
"1411",2020-04-11,"Lebanon","LBN",27,1,609,20,12,NA
"1412",2020-04-11,"Lithuania","LTU",44,2,999,17,5,NA
"1413",2020-04-11,"Luxembourg","LUX",108,2,3223,54,14,NA
"1414",2020-04-11,"Malaysia","MYS",118,3,4346,70,19,NA
"1415",2020-04-11,"Mexico","MEX",403,39,3844,233,14,NA
"1416",2020-04-11,"Moldova, Republic of","MDA",149,0,1438,29,6,NA
"1417",2020-04-11,"Morocco","MAR",74,10,1448,107,15,NA
"1418",2020-04-11,"Netherlands","NLD",1335,115,23097,2511,27,NA
"1419",2020-04-11,"Niger","NER",28,0,438,11,5,NA
"1420",2020-04-11,"Macedonia, the former Yugoslav Republic of","MKD",48,0,711,32,9,NA
"1421",2020-04-11,"Norway","NOR",84,4,6244,92,17,NA
"1422",2020-04-11,"Pakistan","PAK",187,5,4788,71,13,NA
"1423",2020-04-11,"Panama","PAN",222,8,2974,74,14,NA
"1424",2020-04-11,"Peru","PER",641,31,5897,169,14,NA
"1425",2020-04-11,"Philippines","PHL",0,0,4076,203,26,NA
"1426",2020-04-11,"Poland","POL",380,7,5955,181,17,NA
"1427",2020-04-11,"Portugal","PRT",1516,26,15472,435,20,NA
"1428",2020-04-11,"Puerto Rico","PRI",42,6,725,39,9,NA
"1429",2020-04-11,"Romania","ROU",265,28,5467,257,17,NA
"1430",2020-04-11,"Russian Federation","RUS",1786,18,11917,94,11,NA
"1431",2020-04-11,"San Marino","SMR",11,0,344,34,24,NA
"1432",2020-04-11,"Saudi Arabia","SAU",364,3,3651,47,10,NA
"1433",2020-04-11,"Serbia","SRB",238,5,3105,71,13,NA
"1434",2020-04-11,"Slovenia","SVN",36,2,1160,45,12,NA
"1435",2020-04-11,"South Africa","ZAF",69,6,2003,24,5,NA
"1436",2020-04-11,"Korea, Republic of","KOR",0,0,10450,208,45,NA
"1437",2020-04-11,"Spain","ESP",4576,605,157022,15843,32,NA
"1438",2020-04-11,"Sweden","SWE",544,77,9685,870,23,NA
"1439",2020-04-11,"Switzerland","CHE",733,49,24228,805,27,NA
"1440",2020-04-11,"Thailand","THA",45,2,2518,35,11,NA
"1441",2020-04-11,"Tunisia","TUN",28,0,671,25,9,NA
"1442",2020-04-11,"Turkey","TUR",4747,98,47029,1006,20,NA
"1443",2020-04-11,"Ukraine","UKR",311,12,2203,69,11,NA
"1444",2020-04-11,"United Arab Emirates","ARE",370,2,3360,16,6,NA
"1445",2020-04-11,"United Kingdom","GBR",5195,980,70272,8958,29,NA
"1446",2020-04-11,"USA","USA",35527,2087,501560,18777,37,NA
"1447",2020-04-12,"Afghanistan","AFG",34,3,555,18,4,NA
"1448",2020-04-12,"Albania","ALB",17,0,433,23,14,NA
"1449",2020-04-12,"Algeria","DZA",64,19,1825,275,22,NA
"1450",2020-04-12,"Andorra","AND",21,2,622,28,11,NA
"1451",2020-04-12,"Argentina","ARG",162,7,2137,89,16,NA
"1452",2020-04-12,"Armenia","ARM",30,2,967,13,2,NA
"1453",2020-04-12,"Australia","AUS",51,3,6289,57,17,NA
"1454",2020-04-12,"Austria","AUT",247,18,13807,337,20,NA
"1455",2020-04-12,"Azerbaijan","AZE",67,1,1058,11,1,NA
"1456",2020-04-12,"Bangladesh","BGD",58,3,482,30,5,NA
"1457",2020-04-12,"Belarus","BLR",245,4,2226,23,5,NA
"1458",2020-04-12,"Belgium","BEL",1351,327,28018,3346,24,NA
"1459",2020-04-12,"Bolivia, Plurinational State of","BOL",24,4,300,24,8,NA
"1460",2020-04-12,"Bosnia and Herzegovina","BIH",47,0,948,37,11,NA
"1461",2020-04-12,"Brazil","BRA",1089,68,20727,1124,22,NA
"1462",2020-04-12,"Bulgaria","BGR",26,3,661,28,10,NA
"1463",2020-04-12,"Burkina Faso","BFA",36,1,484,27,12,NA
"1464",2020-04-12,"Cameroon","CMR",17,1,820,11,3,NA
"1465",2020-04-12,"Canada","CAN",1168,84,23301,653,23,NA
"1466",2020-04-12,"Chile","CHL",426,8,6927,73,11,NA
"1467",2020-04-12,"China","CHN",93,0,83097,3343,81,NA
"1468",2020-04-12,"Colombia","COL",236,20,2709,100,13,NA
"1469",2020-04-12,"Croatia","HRV",39,0,1534,21,7,NA
"1470",2020-04-12,"Cuba","CUB",56,1,620,16,4,NA
"1471",2020-04-12,"Cyprus","CYP",21,0,616,15,8,NA
"1472",2020-04-12,"Czech Republic","CZE",170,10,5902,129,14,NA
"1473",2020-04-12,"Congo, the Democratic Republic of the","COD",11,0,234,20,10,NA
"1474",2020-04-12,"Denmark","DNK",177,13,5996,260,21,NA
"1475",2020-04-12,"Dominican Republic","DOM",139,9,2759,135,17,NA
"1476",2020-04-12,"Ecuador","ECU",96,18,7257,315,20,NA
"1477",2020-04-12,"Egypt","EGY",145,11,1939,146,20,NA
"1478",2020-04-12,"Estonia","EST",46,0,1304,24,9,NA
"1479",2020-04-12,"Finland","FIN",136,1,2905,49,13,NA
"1480",2020-04-12,"France","FRA",3114,635,93790,13832,35,NA
"1481",2020-04-12,"Germany","DEU",2821,129,120479,2673,27,NA
"1482",2020-04-12,"Greece","GRC",70,3,2081,93,21,NA
"1483",2020-04-12,"Honduras","HND",1,1,393,25,11,NA
"1484",2020-04-12,"Hungary","HUN",100,14,1410,99,18,NA
"1485",2020-04-12,"India","IND",909,34,8356,273,17,NA
"1486",2020-04-12,"Indonesia","IDN",330,21,3842,327,23,NA
"1487",2020-04-12,"Iran, Islamic Republic of","IRN",1837,125,70029,4357,47,NA
"1488",2020-04-12,"Iraq","IRQ",39,2,1318,72,25,NA
"1489",2020-04-12,"Ireland","IRL",839,33,8928,320,16,NA
"1490",2020-04-12,"Israel","ISR",335,6,10743,101,15,NA
"1491",2020-04-12,"Italy","ITA",4694,619,152271,19470,46,NA
"1492",2020-04-12,"Japan","JPN",1401,10,6748,98,32,NA
"1493",2020-04-12,"Kazakhstan","KAZ",40,0,880,10,1,NA
"1494",2020-04-12,"Lebanon","LBN",10,0,619,20,13,NA
"1495",2020-04-12,"Lithuania","LTU",54,6,1053,23,6,NA
"1496",2020-04-12,"Luxembourg","LUX",47,8,3270,62,15,NA
"1497",2020-04-12,"Malaysia","MYS",184,3,4530,73,20,NA
"1498",2020-04-12,"Mexico","MEX",375,40,4219,273,15,NA
"1499",2020-04-12,"Moldova, Republic of","MDA",122,1,1560,30,7,NA
"1500",2020-04-12,"Morocco","MAR",97,4,1545,111,16,NA
"1501",2020-04-12,"Netherlands","NLD",1316,132,24413,2643,28,NA
"1502",2020-04-12,"Niger","NER",53,0,491,11,6,NA
"1503",2020-04-12,"Nigeria","NGA",13,3,318,10,0,NA
"1504",2020-04-12,"Macedonia, the former Yugoslav Republic of","MKD",49,2,760,34,10,NA
"1505",2020-04-12,"Norway","NOR",76,6,6320,98,18,NA
"1506",2020-04-12,"Pakistan","PAK",250,15,5038,86,14,NA
"1507",2020-04-12,"Panama","PAN",260,5,3234,79,15,NA
"1508",2020-04-12,"Peru","PER",951,12,6848,181,15,NA
"1509",2020-04-12,"Philippines","PHL",352,44,4428,247,27,NA
"1510",2020-04-12,"Poland","POL",401,27,6356,208,18,NA
"1511",2020-04-12,"Portugal","PRT",515,35,15987,470,21,NA
"1512",2020-04-12,"Puerto Rico","PRI",63,3,788,42,10,NA
"1513",2020-04-12,"Romania","ROU",523,25,5990,282,18,NA
"1514",2020-04-12,"Russian Federation","RUS",1667,12,13584,106,12,NA
"1515",2020-04-12,"San Marino","SMR",12,1,356,35,25,NA
"1516",2020-04-12,"Saudi Arabia","SAU",382,5,4033,52,11,NA
"1517",2020-04-12,"Serbia","SRB",275,3,3380,74,14,NA
"1518",2020-04-12,"Slovenia","SVN",28,5,1188,50,13,NA
"1519",2020-04-12,"South Africa","ZAF",25,1,2028,25,6,NA
"1520",2020-04-12,"Korea, Republic of","KOR",62,6,10512,214,46,NA
"1521",2020-04-12,"Spain","ESP",4830,510,161852,16353,33,NA
"1522",2020-04-12,"Sweden","SWE",466,17,10151,887,24,NA
"1523",2020-04-12,"Switzerland","CHE",592,26,24820,831,28,NA
"1524",2020-04-12,"Thailand","THA",33,3,2551,38,12,NA
"1525",2020-04-12,"Tunisia","TUN",14,3,685,28,10,NA
"1526",2020-04-12,"Turkey","TUR",5138,95,52167,1101,21,NA
"1527",2020-04-12,"Ukraine","UKR",308,4,2511,73,12,NA
"1528",2020-04-12,"United Arab Emirates","ARE",376,4,3736,20,7,NA
"1529",2020-04-12,"United Kingdom","GBR",8719,917,78991,9875,30,NA
"1530",2020-04-12,"USA","USA",28391,1831,529951,20608,38,NA
"1531",2020-04-13,"Afghanistan","AFG",52,0,607,18,5,"Afghanistan"
"1532",2020-04-13,"Albania","ALB",13,0,446,23,15,"Albania"
"1533",2020-04-13,"Algeria","DZA",89,18,1914,293,23,"Algeria"
"1534",2020-04-13,"Andorra","AND",16,1,638,29,12,"Andorra"
"1535",2020-04-13,"Argentina","ARG",71,6,2208,95,17,"Argentina"
"1536",2020-04-13,"Armenia","ARM",46,0,1013,13,3,"Armenia"
"1537",2020-04-13,"Australia","AUS",33,4,6322,61,18,"Australia"
"1538",2020-04-13,"Austria","AUT",130,13,13937,350,21,"Austria"
"1539",2020-04-13,"Azerbaijan","AZE",40,0,1098,11,2,"Azerbaijan"
"1540",2020-04-13,"Bangladesh","BGD",139,4,621,34,6,"Bangladesh"
"1541",2020-04-13,"Belarus","BLR",352,3,2578,26,6,"Belarus"
"1542",2020-04-13,"Belgium","BEL",1629,254,29647,3600,25,"Belgium"
"1543",2020-04-13,"Bolivia, Plurinational State of","BOL",30,3,330,27,9,"Bolivia, Plurinational State of"
"1544",2020-04-13,"Bosnia and Herzegovina","BIH",59,1,1007,38,12,"Bosnia and Herzegovina"
"1545",2020-04-13,"Brazil","BRA",1442,99,22169,1223,23,"Brazil"
"1546",2020-04-13,"Bulgaria","BGR",14,1,675,29,11,"Bulgaria"
"1547",2020-04-13,"Burkina Faso","BFA",13,0,497,27,13,"Burkina Faso"
"1548",2020-04-13,"Cameroon","CMR",0,1,820,12,4,"Cameroon"
"1549",2020-04-13,"Canada","CAN",1064,64,24365,717,24,"Canada"
"1550",2020-04-13,"Chile","CHL",286,7,7213,80,12,"Chile"
"1551",2020-04-13,"China","CHN",112,2,83209,3345,82,"China"
"1552",2020-04-13,"Colombia","COL",67,9,2776,109,14,"Colombia"
"1553",2020-04-13,"Croatia","HRV",66,2,1600,23,8,"Croatia"
"1554",2020-04-13,"Cuba","CUB",49,2,669,18,5,"Cuba"
"1555",2020-04-13,"Cyprus","CYP",17,1,633,16,9,"Cyprus"
"1556",2020-04-13,"Czech Republic","CZE",89,9,5991,138,15,"Czech Republic"
"1557",2020-04-13,"Congo, the Democratic Republic of the","COD",0,0,234,20,11,"Congo, the Democratic Republic of the"
"1558",2020-04-13,"Denmark","DNK",178,13,6174,273,22,"Denmark"
"1559",2020-04-13,"Dominican Republic","DOM",208,38,2967,173,18,"Dominican Republic"
"1560",2020-04-13,"Ecuador","ECU",209,18,7466,333,21,"Ecuador"
"1561",2020-04-13,"Egypt","EGY",126,13,2065,159,21,"Egypt"
"1562",2020-04-13,"Estonia","EST",5,1,1309,25,10,"Estonia"
"1563",2020-04-13,"Finland","FIN",69,7,2974,56,14,"Finland"
"1564",2020-04-13,"France","FRA",1613,561,95403,14393,36,"France"
"1565",2020-04-13,"Germany","DEU",2537,126,123016,2799,28,"Germany"
"1566",2020-04-13,"Greece","GRC",33,5,2114,98,22,"Greece"
"1567",2020-04-13,"Honduras","HND",4,0,397,25,12,"Honduras"
"1568",2020-04-13,"Hungary","HUN",48,10,1458,109,19,"Hungary"
"1569",2020-04-13,"India","IND",796,35,9152,308,18,"India"
"1570",2020-04-13,"Indonesia","IDN",399,46,4241,373,24,"Indonesia"
"1571",2020-04-13,"Iran, Islamic Republic of","IRN",1657,117,71686,4474,48,"Iran, Islamic Republic of"
"1572",2020-04-13,"Iraq","IRQ",34,4,1352,76,26,"Iraq"
"1573",2020-04-13,"Ireland","IRL",727,14,9655,334,17,"Ireland"
"1574",2020-04-13,"Israel","ISR",402,2,11145,103,16,"Israel"
"1575",2020-04-13,"Italy","ITA",4092,431,156363,19901,47,"Italy"
"1576",2020-04-13,"Japan","JPN",507,4,7255,102,33,"Japan"
"1577",2020-04-13,"Kazakhstan","KAZ",81,0,961,10,2,"Kazakhstan"
"1578",2020-04-13,"Lebanon","LBN",11,0,630,20,14,"Lebanon"
"1579",2020-04-13,"Lithuania","LTU",9,1,1062,24,7,"Lithuania"
"1580",2020-04-13,"Luxembourg","LUX",11,4,3281,66,16,"Luxembourg"
"1581",2020-04-13,"Malaysia","MYS",153,3,4683,76,21,"Malaysia"
"1582",2020-04-13,"Mexico","MEX",442,23,4661,296,16,"Mexico"
"1583",2020-04-13,"Moldova, Republic of","MDA",102,2,1662,32,8,"Moldova, Republic of"
"1584",2020-04-13,"Morocco","MAR",116,7,1661,118,17,"Morocco"
"1585",2020-04-13,"Netherlands","NLD",1174,94,25587,2737,29,"Netherlands"
"1586",2020-04-13,"Niger","NER",38,1,529,12,7,"Niger"
"1587",2020-04-13,"Nigeria","NGA",5,0,323,10,1,"Nigeria"
"1588",2020-04-13,"Macedonia, the former Yugoslav Republic of","MKD",68,0,828,34,11,"Macedonia, the former Yugoslav Republic of"
"1589",2020-04-13,"Norway","NOR",95,5,6415,103,19,"Norway"
"1590",2020-04-13,"Pakistan","PAK",336,7,5374,93,15,"Pakistan"
"1591",2020-04-13,"Panama","PAN",166,8,3400,87,16,"Panama"
"1592",2020-04-13,"Peru","PER",671,12,7519,193,16,"Peru"
"1593",2020-04-13,"Philippines","PHL",220,50,4648,297,28,"Philippines"
"1594",2020-04-13,"Poland","POL",318,24,6674,232,19,"Poland"
"1595",2020-04-13,"Portugal","PRT",598,34,16585,504,22,"Portugal"
"1596",2020-04-13,"Puerto Rico","PRI",109,2,897,44,11,"Puerto Rico"
"1597",2020-04-13,"Romania","ROU",310,24,6300,306,19,"Romania"
"1598",2020-04-13,"Russian Federation","RUS",2186,24,15770,130,13,"Russian Federation"
"1599",2020-04-13,"San Marino","SMR",0,0,356,35,26,"San Marino"
"1600",2020-04-13,"Saudi Arabia","SAU",429,7,4462,59,12,"Saudi Arabia"
"1601",2020-04-13,"Serbia","SRB",250,6,3630,80,15,"Serbia"
"1602",2020-04-13,"Slovenia","SVN",17,3,1205,53,14,"Slovenia"
"1603",2020-04-13,"South Africa","ZAF",145,0,2173,25,7,"South Africa"
"1604",2020-04-13,"Korea, Republic of","KOR",25,3,10537,217,47,"Korea, Republic of"
"1605",2020-04-13,"Spain","ESP",4167,619,166019,16972,34,"Spain"
"1606",2020-04-13,"Sweden","SWE",332,12,10483,899,25,"Sweden"
"1607",2020-04-13,"Switzerland","CHE",400,27,25220,858,29,"Switzerland"
"1608",2020-04-13,"Thailand","THA",28,2,2579,40,13,"Thailand"
"1609",2020-04-13,"Tunisia","TUN",22,3,707,31,11,"Tunisia"
"1610",2020-04-13,"Turkey","TUR",4789,97,56956,1198,22,"Turkey"
"1611",2020-04-13,"Ukraine","UKR",266,10,2777,83,13,"Ukraine"
"1612",2020-04-13,"United Arab Emirates","ARE",387,2,4123,22,8,"United Arab Emirates"
"1613",2020-04-13,"United Kingdom","GBR",5288,737,84279,10612,31,"United Kingdom"
"1614",2020-04-13,"USA","USA",27620,1500,557571,22108,39,"USA"
